contact_id,first_name,last_name,email,phone,company_name,website,category,location,seo_score,overall_score,recommended_service,priority,tags,sms_template,email_subject_template,email_body_template,score_reasons,source
1,Robinson,.,info@robinsongill.com.au,+61398903321,Robinson Gill Lawyers,https://www.robinsongill.com.au/,law firm,Melbourne,50,100,AI Voice,high,law_firm;AI_Voice;priority_high;marvelus_lead;has_phone;has_email,"Hi Robinson, I help law firm in Melbourne, VIC, Australia stop missing calls with a natural AI receptionist that books 24/7. Quick 10-min look? [Your Name] M...","AI receptionist for law firm in Melbourne, VIC, Australia (24/7 booking)","Hi Robinson Gill Lawyers,\n\nI help law firm businesses in Melbourne, VIC, Australia get more bookings with a natural Australian AI receptionist that answers 24/7 and books clients straight into your calendar.\n\nWould you be open to a quick 10-min chat this week?\n\nBest,\n[Your Name]\nMarvelus",No chatbot | No click-to-call | No booking flow | Low-tech website | Phone found (+10),marvelus_lead_scraper
2,Nevett,.,,+61396147111,Nevett Ford Lawyers Melbourne,https://www.nevettfordlawyers.com.au/?utm_source=google&utm_medium=gmb&utm_campaign=google_business_profile,law firm,Melbourne,55,70,AI Voice,high,law_firm;AI_Voice;priority_high;marvelus_lead;has_phone,"Hi Nevett, I help law firm in Melbourne, VIC, Australia stop missing calls with a natural AI receptionist that books 24/7. Quick 10-min look? [Your Name] Mar...","AI receptionist for law firm in Melbourne, VIC, Australia (24/7 booking)","Hi Nevett Ford Lawyers Melbourne,\n\nI help law firm businesses in Melbourne, VIC, Australia get more bookings with a natural Australian AI receptionist that answers 24/7 and books clients straight into your calendar.\n\nWould you be open to a quick 10-min chat this week?\n\nBest,\n[Your Name]\nMarvelus",No chatbot | Email found (+15) | Phone found (+10) | Direct owner-like email (+10) | Complete contact info (+5),marvelus_lead_scraper
3,AJH,.,info@ajhlawyers.com.au,+61396022235,AJH LAWYERS,https://www.ajhlawyers.com.au/,law firm,Melbourne,50,30,AI Voice,low,law_firm;AI_Voice;priority_low;marvelus_lead;has_phone;has_email,"Hi AJH, I help law firm in Melbourne, VIC, Australia stop missing calls with a natural AI receptionist that books 24/7. Quick 10-min look? [Your Name] Marvelus","AI receptionist for law firm in Melbourne, VIC, Australia (24/7 booking)","Hi AJH LAWYERS,\n\nI help law firm businesses in Melbourne, VIC, Australia get more bookings with a natural Australian AI receptionist that answers 24/7 and books clients straight into your calendar.\n\nWould you be open to a quick 10-min chat this week?\n\nBest,\n[Your Name]\nMarvelus",Email found (+15) | Phone found (+10) | Complete contact info (+5),marvelus_lead_scraper
4,Melbourne,.,admin@melbournelawoffices.com.au,+611300005786,Melbourne Law Offices,http://melbournelawoffices.com.au/,law firm,Melbourne,60,60,AI Voice,medium,law_firm;AI_Voice;priority_medium;marvelus_lead;has_phone;has_email,"Hi Melbourne, I help law firm in Melbourne, VIC, Australia stop missing calls with a natural AI receptionist that books 24/7. Quick 10-min look? [Your Name] ...","AI receptionist for law firm in Melbourne, VIC, Australia (24/7 booking)","Hi Melbourne Law Offices,\n\nI help law firm businesses in Melbourne, VIC, Australia get more bookings with a natural Australian AI receptionist that answers 24/7 and books clients straight into your calendar.\n\nWould you be open to a quick 10-min chat this week?\n\nBest,\n[Your Name]\nMarvelus",No chatbot | Email found (+15) | Phone found (+10) | Complete contact info (+5),marvelus_lead_scraper
5,Go,.,admin@platfirm.ai,+611300636846,Go To Court Lawyers Melbourne,https://www.gotocourt.com.au/vic/melbourne-lawyers/,law firm,Melbourne,35,55,AI Voice,medium,law_firm;AI_Voice;priority_medium;marvelus_lead;has_phone;has_email,"Hi Go, I help law firm in Melbourne, VIC, Australia stop missing calls with a natural AI receptionist that books 24/7. Quick 10-min look? [Your Name] Marvelus","AI receptionist for law firm in Melbourne, VIC, Australia (24/7 booking)","Hi Go To Court Lawyers Melbourne,\n\nI help law firm businesses in Melbourne, VIC, Australia get more bookings with a natural Australian AI receptionist that answers 24/7 and books clients straight into your calendar.\n\nWould you be open to a quick 10-min chat this week?\n\nBest,\n[Your Name]\nMarvelus",No chatbot | Low-tech website | Phone found (+10),marvelus_lead_scraper
6,Carbone,.,info@carbonelawyers.com.au,+611800369888,Carbone Lawyers Melbourne,https://www.carbonelawyers.com.au/?utm_source=gbp&utm_medium=organic&utm_campaign=melbourne,law firm,Melbourne,100,80,AI Voice,high,law_firm;AI_Voice;priority_high;marvelus_lead;has_phone;has_email,"Hi Carbone, I help law firm in Melbourne, VIC, Australia stop missing calls with a natural AI receptionist that books 24/7. Quick 10-min look? [Your Name] Ma...","AI receptionist for law firm in Melbourne, VIC, Australia (24/7 booking)","Hi Carbone Lawyers Melbourne,\n\nI help law firm businesses in Melbourne, VIC, Australia get more bookings with a natural Australian AI receptionist that answers 24/7 and books clients straight into your calendar.\n\nWould you be open to a quick 10-min chat this week?\n\nBest,\n[Your Name]\nMarvelus",No chatbot | No booking flow | Email found (+15) | Phone found (+10) | Complete contact info (+5),marvelus_lead_scraper
7,Best,.,mail@besthooper.com.au,+61396708951,Best Hooper Lawyers,http://www.besthooper.com.au/,law firm,Melbourne,75,90,AI Voice,high,law_firm;AI_Voice;priority_high;marvelus_lead;has_phone;has_email,"Hi Best, I help law firm in Melbourne, VIC, Australia stop missing calls with a natural AI receptionist that books 24/7. Quick 10-min look? [Your Name] Marvelus","AI receptionist for law firm in Melbourne, VIC, Australia (24/7 booking)","Hi Best Hooper Lawyers,\n\nI help law firm businesses in Melbourne, VIC, Australia get more bookings with a natural Australian AI receptionist that answers 24/7 and books clients straight into your calendar.\n\nWould you be open to a quick 10-min chat this week?\n\nBest,\n[Your Name]\nMarvelus",No chatbot | No booking flow | Email found (+15) | Phone found (+10) | Direct owner-like email (+10) | Complete contact info (+5),marvelus_lead_scraper
8,Pentana,.,reception@pstanton.com.au,+61390022800,Pentana Stanton Lawyers,https://pentanastanton.com.au/,law firm,Melbourne,70,60,AI Voice,medium,law_firm;AI_Voice;priority_medium;marvelus_lead;has_phone;has_email,"Hi Pentana, I help law firm in Melbourne, VIC, Australia stop missing calls with a natural AI receptionist that books 24/7. Quick 10-min look? [Your Name] Ma...","AI receptionist for law firm in Melbourne, VIC, Australia (24/7 booking)","Hi Pentana Stanton Lawyers,\n\nI help law firm businesses in Melbourne, VIC, Australia get more bookings with a natural Australian AI receptionist that answers 24/7 and books clients straight into your calendar.\n\nWould you be open to a quick 10-min chat this week?\n\nBest,\n[Your Name]\nMarvelus",No booking flow | Email found (+15) | Phone found (+10) | Direct owner-like email (+10) | Complete contact info (+5),marvelus_lead_scraper
9,Weinberg,.,david@weinberglawyers.com.au,+61421966943,Weinberg Lawyers,https://www.weinberglawyers.com.au/,law firm,Melbourne,25,100,AI Voice,high,law_firm;AI_Voice;priority_high;marvelus_lead;has_phone;has_email,"Hi Weinberg, I help law firm in Melbourne, VIC, Australia stop missing calls with a natural AI receptionist that books 24/7. Quick 10-min look? [Your Name] M...","AI receptionist for law firm in Melbourne, VIC, Australia (24/7 booking)","Hi Weinberg Lawyers,\n\nI help law firm businesses in Melbourne, VIC, Australia get more bookings with a natural Australian AI receptionist that answers 24/7 and books clients straight into your calendar.\n\nWould you be open to a quick 10-min chat this week?\n\nBest,\n[Your Name]\nMarvelus",No chatbot | No click-to-call | No booking flow | Low-tech website | Email found (+15) | Phone found (+10) | Direct owner-like email (+10) | Complete contact info (+5),marvelus_lead_scraper
10,Nevile,.,nevileco@nevile.com.au,+61396644700,Nevile & Co. Lawyers,https://www.nevile.com.au/,law firm,Melbourne,50,100,AI Voice,high,law_firm;AI_Voice;priority_high;marvelus_lead;has_phone;has_email,"Hi Nevile, I help law firm in Melbourne, VIC, Australia stop missing calls with a natural AI receptionist that books 24/7. Quick 10-min look? [Your Name] Mar...","AI receptionist for law firm in Melbourne, VIC, Australia (24/7 booking)","Hi Nevile & Co. Lawyers,\n\nI help law firm businesses in Melbourne, VIC, Australia get more bookings with a natural Australian AI receptionist that answers 24/7 and books clients straight into your calendar.\n\nWould you be open to a quick 10-min chat this week?\n\nBest,\n[Your Name]\nMarvelus",No chatbot | No click-to-call | No booking flow | Low-tech website | Phone found (+10),marvelus_lead_scraper
11,Botanica,.,enquiries@botanicadayspa.com.au,+61396205992,Botanica Wellness Spa and Clinic,https://www.botanicadayspa.com.au/,med spa,Melbourne,100,85,AI Voice,high,med_spa;AI_Voice;priority_high;marvelus_lead;has_phone;has_email,"Hi Botanica, I help med spa in Melbourne, VIC, Australia stop missing calls with a natural AI receptionist that books 24/7. Quick 10-min look? [Your Name] Ma...","AI receptionist for med spa in Melbourne, VIC, Australia (24/7 booking)","Hi Botanica Wellness Spa and Clinic,\n\nI help med spa businesses in Melbourne, VIC, Australia get more bookings with a natural Australian AI receptionist that answers 24/7 and books clients straight into your calendar.\n\nWould you be open to a quick 10-min chat this week?\n\nBest,\n[Your Name]\nMarvelus",No chatbot | No click-to-call | Email found (+15) | Phone found (+10) | Complete contact info (+5),marvelus_lead_scraper
12,Hotel,.,relax@vhotelspa.com.au,+61396296600,V Hotel Spa - Luxury Day Spa,https://vhotelspa.com.au/,med spa,Melbourne,55,40,AI Voice,medium,med_spa;AI_Voice;priority_medium;marvelus_lead;has_phone;has_email,"Hi V, I help med spa in Melbourne, VIC, Australia stop missing calls with a natural AI receptionist that books 24/7. Quick 10-min look? [Your Name] Marvelus","AI receptionist for med spa in Melbourne, VIC, Australia (24/7 booking)","Hi V Hotel Spa - Luxury Day Spa,\n\nI help med spa businesses in Melbourne, VIC, Australia get more bookings with a natural Australian AI receptionist that answers 24/7 and books clients straight into your calendar.\n\nWould you be open to a quick 10-min chat this week?\n\nBest,\n[Your Name]\nMarvelus",Email found (+15) | Phone found (+10) | Direct owner-like email (+10) | Complete contact info (+5),marvelus_lead_scraper
13,Wellness,.,9a65e97ebe8141fca0c4fd686f70996b@sentry.wixpress.com,+61431881699,"Wellness Beauty & Head Spa (Day Spa, Facials, IPL, HIFU, Sound Healing, Hair Growth, Body Contouring)",https://www.wellnessbeauty.com.au/,med spa,Melbourne,50,70,AI Voice,high,med_spa;AI_Voice;priority_high;marvelus_lead;has_phone;has_email,"Hi Wellness, I help med spa in Melbourne, VIC, Australia stop missing calls with a natural AI receptionist that books 24/7. Quick 10-min look? [Your Name] Ma...","AI receptionist for med spa in Melbourne, VIC, Australia (24/7 booking)","Hi Wellness Beauty & Head Spa (Day Spa, Facials, IPL, HIFU, Sound Healing, Hair Growth, Body Contouring),\n\nI help med spa businesses in Melbourne, VIC, Australia get more bookings with a natural Australian AI receptionist that answers 24/7 and books clients straight into your calendar.\n\nWould you be open to a quick 10-min chat this week?\n\nBest,\n[Your Name]\nMarvelus",No chatbot | Email found (+15) | Phone found (+10) | Direct owner-like email (+10) | Complete contact info (+5),marvelus_lead_scraper
14,Sensu,.,,+61390176032,Sensu Spa,http://www.sensuspa.com.au/,med spa,Melbourne,50,85,AI Voice,high,med_spa;AI_Voice;priority_high;marvelus_lead;has_phone,"Hi Sensu, I help med spa in Melbourne, VIC, Australia stop missing calls with a natural AI receptionist that books 24/7. Quick 10-min look? [Your Name] Marvelus","AI receptionist for med spa in Melbourne, VIC, Australia (24/7 booking)","Hi Sensu Spa,\n\nI help med spa businesses in Melbourne, VIC, Australia get more bookings with a natural Australian AI receptionist that answers 24/7 and books clients straight into your calendar.\n\nWould you be open to a quick 10-min chat this week?\n\nBest,\n[Your Name]\nMarvelus",No chatbot | No click-to-call | Email found (+15) | Phone found (+10) | Complete contact info (+5),marvelus_lead_scraper
15,Body,.,,+61396964584,Body Freedom Spa & Clinic,http://www.bodyfreedomdayspa.com.au/,med spa,Melbourne,70,60,AI Voice,medium,med_spa;AI_Voice;priority_medium;marvelus_lead;has_phone,"Hi Body, I help med spa in Melbourne, VIC, Australia stop missing calls with a natural AI receptionist that books 24/7. Quick 10-min look? [Your Name] Marvelus","AI receptionist for med spa in Melbourne, VIC, Australia (24/7 booking)","Hi Body Freedom Spa & Clinic,\n\nI help med spa businesses in Melbourne, VIC, Australia get more bookings with a natural Australian AI receptionist that answers 24/7 and books clients straight into your calendar.\n\nWould you be open to a quick 10-min chat this week?\n\nBest,\n[Your Name]\nMarvelus",No chatbot | Email found (+15) | Phone found (+10) | Complete contact info (+5),marvelus_lead_scraper
16,Medical,.,flags@2x.webp,+61399169631,Medical Aesthetic - The Science of Good Skin,https://medicalaesthetic.com.au/?utm_source=googlebusinessprofile&utm_medium=organic&utm_campaign=Google+Business+Profile,med spa,Melbourne,75,40,AI Voice,low,med_spa;AI_Voice;priority_low;marvelus_lead;has_phone;has_email,"Hi Medical, I help med spa in Melbourne, VIC, Australia stop missing calls with a natural AI receptionist that books 24/7. Quick 10-min look? [Your Name] Mar...","AI receptionist for med spa in Melbourne, VIC, Australia (24/7 booking)","Hi Medical Aesthetic - The Science of Good Skin,\n\nI help med spa businesses in Melbourne, VIC, Australia get more bookings with a natural Australian AI receptionist that answers 24/7 and books clients straight into your calendar.\n\nWould you be open to a quick 10-min chat this week?\n\nBest,\n[Your Name]\nMarvelus",No chatbot | Phone found (+10),marvelus_lead_scraper
17,RELAX,.,,+61401971908,RELAX DAY SPA,https://www.relaxdayspa.com.au/,med spa,Melbourne,45,65,AI Voice,medium,med_spa;AI_Voice;priority_medium;marvelus_lead;has_phone,"Hi RELAX, I help med spa in Melbourne, VIC, Australia stop missing calls with a natural AI receptionist that books 24/7. Quick 10-min look? [Your Name] Marvelus","AI receptionist for med spa in Melbourne, VIC, Australia (24/7 booking)","Hi RELAX DAY SPA,\n\nI help med spa businesses in Melbourne, VIC, Australia get more bookings with a natural Australian AI receptionist that answers 24/7 and books clients straight into your calendar.\n\nWould you be open to a quick 10-min chat this week?\n\nBest,\n[Your Name]\nMarvelus",No chatbot | No click-to-call | Phone found (+10),marvelus_lead_scraper
18,Sakura,.,,+61396423663,Sakura Lounge,http://www.sakuralounge.com.au/,med spa,Melbourne,60,100,AI Voice,high,med_spa;AI_Voice;priority_high;marvelus_lead;has_phone,"Hi Sakura, I help med spa in Melbourne, VIC, Australia stop missing calls with a natural AI receptionist that books 24/7. Quick 10-min look? [Your Name] Marv...","AI receptionist for med spa in Melbourne, VIC, Australia (24/7 booking)","Hi Sakura Lounge,\n\nI help med spa businesses in Melbourne, VIC, Australia get more bookings with a natural Australian AI receptionist that answers 24/7 and books clients straight into your calendar.\n\nWould you be open to a quick 10-min chat this week?\n\nBest,\n[Your Name]\nMarvelus",No chatbot | No click-to-call | No booking flow | Email found (+15) | Phone found (+10) | Complete contact info (+5),marvelus_lead_scraper
19,Five,.,388fe63e6063cc241ca2a1b0f52622a3@o61919.ingest.us.sentry.io,+61403999758,Five Elements Spa,https://www.fresha.com/book-now/five-elements-spa-c5mtf1nt/all-offer?id=2629003&share=true&pId=278965,med spa,Melbourne,70,65,AI Voice,medium,med_spa;AI_Voice;priority_medium;marvelus_lead;has_phone;has_email,"Hi Five, I help med spa in Melbourne, VIC, Australia stop missing calls with a natural AI receptionist that books 24/7. Quick 10-min look? [Your Name] Marvelus","AI receptionist for med spa in Melbourne, VIC, Australia (24/7 booking)","Hi Five Elements Spa,\n\nI help med spa businesses in Melbourne, VIC, Australia get more bookings with a natural Australian AI receptionist that answers 24/7 and books clients straight into your calendar.\n\nWould you be open to a quick 10-min chat this week?\n\nBest,\n[Your Name]\nMarvelus",No chatbot | No click-to-call | Phone found (+10),marvelus_lead_scraper
20,Crown,.,reservations.mcm@crownhotels.com.au,+61392926182,Crown Spa Melbourne,http://www.crownhotels.com.au/crown-spa-melbourne/,med spa,Melbourne,55,65,AI Voice,medium,med_spa;AI_Voice;priority_medium;marvelus_lead;has_phone;has_email,"Hi Crown, I help med spa in Melbourne, VIC, Australia stop missing calls with a natural AI receptionist that books 24/7. Quick 10-min look? [Your Name] Marvelus","AI receptionist for med spa in Melbourne, VIC, Australia (24/7 booking)","Hi Crown Spa Melbourne,\n\nI help med spa businesses in Melbourne, VIC, Australia get more bookings with a natural Australian AI receptionist that answers 24/7 and books clients straight into your calendar.\n\nWould you be open to a quick 10-min chat this week?\n\nBest,\n[Your Name]\nMarvelus",No chatbot | No click-to-call | Phone found (+10),marvelus_lead_scraper
21,Seddon,.,user@domain.com,+61396877688,"Seddon Dental, Victoria St Clinic",http://www.seddondental.com.au/,dental clinic,Melbourne,45,40,AI Voice,low,dental_clinic;AI_Voice;priority_low;marvelus_lead;has_phone;has_email,"Hi Seddon, I help dental clinic in Melbourne, VIC, Australia stop missing calls with a natural AI receptionist that books 24/7. Quick 10-min look? [Your Name...","AI receptionist for dental clinic in Melbourne, VIC, Australia (24/7 booking)","Hi Seddon Dental, Victoria St Clinic,\n\nI help dental clinic businesses in Melbourne, VIC, Australia get more bookings with a natural Australian AI receptionist that answers 24/7 and books clients straight into your calendar.\n\nWould you be open to a quick 10-min chat this week?\n\nBest,\n[Your Name]\nMarvelus",No chatbot | Phone found (+10),marvelus_lead_scraper
22,Malvern,.,info@malvernfamilydental.com,+61395091439,Malvern Family Dental & Implant Centre,https://malvernfamilydental.com.au/,dental clinic,Melbourne,70,60,AI Voice,medium,dental_clinic;AI_Voice;priority_medium;marvelus_lead;has_phone;has_email,"Hi Malvern, I help dental clinic in Melbourne, VIC, Australia stop missing calls with a natural AI receptionist that books 24/7. Quick 10-min look? [Your Nam...","AI receptionist for dental clinic in Melbourne, VIC, Australia (24/7 booking)","Hi Malvern Family Dental & Implant Centre,\n\nI help dental clinic businesses in Melbourne, VIC, Australia get more bookings with a natural Australian AI receptionist that answers 24/7 and books clients straight into your calendar.\n\nWould you be open to a quick 10-min chat this week?\n\nBest,\n[Your Name]\nMarvelus",No chatbot | Email found (+15) | Phone found (+10) | Complete contact info (+5),marvelus_lead_scraper
23,Melbourne,.,webmaster@melbourne.dentist-clinic.com,+61399999703,Melbourne Dentist Clinic,https://melbourne.dentist-clinic.com/,dental clinic,Melbourne,55,40,AI Voice,low,dental_clinic;AI_Voice;priority_low;marvelus_lead;has_phone;has_email,"Hi Melbourne, I help dental clinic in Melbourne, VIC, Australia stop missing calls with a natural AI receptionist that books 24/7. Quick 10-min look? [Your N...","AI receptionist for dental clinic in Melbourne, VIC, Australia (24/7 booking)","Hi Melbourne Dentist Clinic,\n\nI help dental clinic businesses in Melbourne, VIC, Australia get more bookings with a natural Australian AI receptionist that answers 24/7 and books clients straight into your calendar.\n\nWould you be open to a quick 10-min chat this week?\n\nBest,\n[Your Name]\nMarvelus",No chatbot | Phone found (+10),marvelus_lead_scraper
24,Australian,.,adcmelbournedentist@gmail.com,+61390880257,Australian Dentists Clinic,https://dentistsclinic.com.au/locations/melbourne-cbd/index.html,dental clinic,Melbourne,55,40,AI Voice,low,dental_clinic;AI_Voice;priority_low;marvelus_lead;has_phone;has_email,"Hi Australian, I help dental clinic in Melbourne, VIC, Australia stop missing calls with a natural AI receptionist that books 24/7. Quick 10-min look? [Your ...","AI receptionist for dental clinic in Melbourne, VIC, Australia (24/7 booking)","Hi Australian Dentists Clinic,\n\nI help dental clinic businesses in Melbourne, VIC, Australia get more bookings with a natural Australian AI receptionist that answers 24/7 and books clients straight into your calendar.\n\nWould you be open to a quick 10-min chat this week?\n\nBest,\n[Your Name]\nMarvelus",No chatbot | Phone found (+10),marvelus_lead_scraper
25,Gorgeous,.,info@gorgeoussmiles.com.au,+61390420483,Gorgeous Smiles Dentist Melbourne,https://www.gorgeoussmiles.com.au/,dental clinic,Melbourne,35,75,AI Voice,high,dental_clinic;AI_Voice;priority_high;marvelus_lead;has_phone;has_email,"Hi Gorgeous, I help dental clinic in Melbourne, VIC, Australia stop missing calls with a natural AI receptionist that books 24/7. Quick 10-min look? [Your Na...","AI receptionist for dental clinic in Melbourne, VIC, Australia (24/7 booking)","Hi Gorgeous Smiles Dentist Melbourne,\n\nI help dental clinic businesses in Melbourne, VIC, Australia get more bookings with a natural Australian AI receptionist that answers 24/7 and books clients straight into your calendar.\n\nWould you be open to a quick 10-min chat this week?\n\nBest,\n[Your Name]\nMarvelus",No chatbot | Low-tech website | Email found (+15) | Phone found (+10) | Complete contact info (+5),marvelus_lead_scraper
26,MC,.,docklands@mcdental.com.au,+61386088971,MC Dental Melbourne Central Shopping Centre,https://www.mcdental.com.au/,dental clinic,Melbourne,50,100,AI Voice,high,dental_clinic;AI_Voice;priority_high;marvelus_lead;has_phone;has_email,"Hi MC, I help dental clinic in Melbourne, VIC, Australia stop missing calls with a natural AI receptionist that books 24/7. Quick 10-min look? [Your Name] Ma...","AI receptionist for dental clinic in Melbourne, VIC, Australia (24/7 booking)","Hi MC Dental Melbourne Central Shopping Centre,\n\nI help dental clinic businesses in Melbourne, VIC, Australia get more bookings with a natural Australian AI receptionist that answers 24/7 and books clients straight into your calendar.\n\nWould you be open to a quick 10-min chat this week?\n\nBest,\n[Your Name]\nMarvelus",No chatbot | No click-to-call | No booking flow | Low-tech website | Phone found (+10),marvelus_lead_scraper
27,Dentist,.,dentistmelbourneclinic@gmail.com,+61399982636,Dentist Melbourne Clinic,https://www.dentistmelbourneclinic.com.au/index.php,dental clinic,Melbourne,55,40,AI Voice,low,dental_clinic;AI_Voice;priority_low;marvelus_lead;has_phone;has_email,"Hi Dentist, I help dental clinic in Melbourne, VIC, Australia stop missing calls with a natural AI receptionist that books 24/7. Quick 10-min look? [Your Nam...","AI receptionist for dental clinic in Melbourne, VIC, Australia (24/7 booking)","Hi Dentist Melbourne Clinic,\n\nI help dental clinic businesses in Melbourne, VIC, Australia get more bookings with a natural Australian AI receptionist that answers 24/7 and books clients straight into your calendar.\n\nWould you be open to a quick 10-min chat this week?\n\nBest,\n[Your Name]\nMarvelus",No chatbot | Phone found (+10),marvelus_lead_scraper
28,Smile,.,example@mail.com,+61396504920,Smile Solutions - Dentist Melbourne,https://www.smilesolutions.com.au/,dental clinic,Melbourne,55,10,AI Voice,low,dental_clinic;AI_Voice;priority_low;marvelus_lead;has_phone;has_email,"Hi Smile, I help dental clinic in Melbourne, VIC, Australia stop missing calls with a natural AI receptionist that books 24/7. Quick 10-min look? [Your Name]...","AI receptionist for dental clinic in Melbourne, VIC, Australia (24/7 booking)","Hi Smile Solutions - Dentist Melbourne,\n\nI help dental clinic businesses in Melbourne, VIC, Australia get more bookings with a natural Australian AI receptionist that answers 24/7 and books clients straight into your calendar.\n\nWould you be open to a quick 10-min chat this week?\n\nBest,\n[Your Name]\nMarvelus",Phone found (+10),marvelus_lead_scraper
29,Art,.,reception@artdedente.com.au,+61391256201,Art De Dente - Dentist Melbourne CBD,https://artdedente.com.au/,dental clinic,Melbourne,80,70,AI Voice,high,dental_clinic;AI_Voice;priority_high;marvelus_lead;has_phone;has_email,"Hi Art, I help dental clinic in Melbourne, VIC, Australia stop missing calls with a natural AI receptionist that books 24/7. Quick 10-min look? [Your Name] M...","AI receptionist for dental clinic in Melbourne, VIC, Australia (24/7 booking)","Hi Art De Dente - Dentist Melbourne CBD,\n\nI help dental clinic businesses in Melbourne, VIC, Australia get more bookings with a natural Australian AI receptionist that answers 24/7 and books clients straight into your calendar.\n\nWould you be open to a quick 10-min chat this week?\n\nBest,\n[Your Name]\nMarvelus",No chatbot | Email found (+15) | Phone found (+10) | Direct owner-like email (+10) | Complete contact info (+5),marvelus_lead_scraper
30,Affordable,.,,+611300721184,The Affordable Dentist Melbourne,https://affordabledentistcbd.melbourne/?utm_source=GMB&utm_medium=GMBprofile&utm_campaign=GMBprofile,dental clinic,Melbourne,55,10,AI Voice,low,dental_clinic;AI_Voice;priority_low;marvelus_lead;has_phone,"Hi The, I help dental clinic in Melbourne, VIC, Australia stop missing calls with a natural AI receptionist that books 24/7. Quick 10-min look? [Your Name] M...","AI receptionist for dental clinic in Melbourne, VIC, Australia (24/7 booking)","Hi The Affordable Dentist Melbourne,\n\nI help dental clinic businesses in Melbourne, VIC, Australia get more bookings with a natural Australian AI receptionist that answers 24/7 and books clients straight into your calendar.\n\nWould you be open to a quick 10-min chat this week?\n\nBest,\n[Your Name]\nMarvelus",Phone found (+10),marvelus_lead_scraper
31,Sanctuary,.,,+61393697987,Sanctuary Lakes Chiropractic,http://www.sanctuarylakeschiro.com.au/?utm_source=gmb&utm_medium=organic,chiropractic,Melbourne,35,55,AI Voice,medium,chiropractic;AI_Voice;priority_medium;marvelus_lead;has_phone,"Hi Sanctuary, I help chiropractic in Melbourne, VIC, Australia stop missing calls with a natural AI receptionist that books 24/7. Quick 10-min look? [Your Na...","AI receptionist for chiropractic in Melbourne, VIC, Australia (24/7 booking)","Hi Sanctuary Lakes Chiropractic,\n\nI help chiropractic businesses in Melbourne, VIC, Australia get more bookings with a natural Australian AI receptionist that answers 24/7 and books clients straight into your calendar.\n\nWould you be open to a quick 10-min chat this week?\n\nBest,\n[Your Name]\nMarvelus",No chatbot | Low-tech website | Phone found (+10),marvelus_lead_scraper
32,Melbourne,.,user@domain.com,+61386865611,Melbourne City Chiropractic,https://citychiro.com.au/,chiropractic,Melbourne,25,55,AI Voice,medium,chiropractic;AI_Voice;priority_medium;marvelus_lead;has_phone;has_email,"Hi Melbourne, I help chiropractic in Melbourne, VIC, Australia stop missing calls with a natural AI receptionist that books 24/7. Quick 10-min look? [Your Na...","AI receptionist for chiropractic in Melbourne, VIC, Australia (24/7 booking)","Hi Melbourne City Chiropractic,\n\nI help chiropractic businesses in Melbourne, VIC, Australia get more bookings with a natural Australian AI receptionist that answers 24/7 and books clients straight into your calendar.\n\nWould you be open to a quick 10-min chat this week?\n\nBest,\n[Your Name]\nMarvelus",No chatbot | Low-tech website | Phone found (+10),marvelus_lead_scraper
33,Errol,.,info@errolstchiro.com.au,+61393291118,Errol Street Chiropractic Centre,https://errolstchiro.com.au/,chiropractic,Melbourne,65,40,AI Voice,low,chiropractic;AI_Voice;priority_low;marvelus_lead;has_phone;has_email,"Hi Errol, I help chiropractic in Melbourne, VIC, Australia stop missing calls with a natural AI receptionist that books 24/7. Quick 10-min look? [Your Name] ...","AI receptionist for chiropractic in Melbourne, VIC, Australia (24/7 booking)","Hi Errol Street Chiropractic Centre,\n\nI help chiropractic businesses in Melbourne, VIC, Australia get more bookings with a natural Australian AI receptionist that answers 24/7 and books clients straight into your calendar.\n\nWould you be open to a quick 10-min chat this week?\n\nBest,\n[Your Name]\nMarvelus",No chatbot | Phone found (+10),marvelus_lead_scraper
34,Wellbeing,.,info@wellbeing365.com.au,+61396634099,Wellbeing Chiropractic Melbourne CBD,https://www.wellbeing365.com.au/chiropractor-melbourne-cbd,chiropractic,Melbourne,100,30,AI Voice,low,chiropractic;AI_Voice;priority_low;marvelus_lead;has_phone;has_email,"Hi Wellbeing, I help chiropractic in Melbourne, VIC, Australia stop missing calls with a natural AI receptionist that books 24/7. Quick 10-min look? [Your Na...","AI receptionist for chiropractic in Melbourne, VIC, Australia (24/7 booking)","Hi Wellbeing Chiropractic Melbourne CBD,\n\nI help chiropractic businesses in Melbourne, VIC, Australia get more bookings with a natural Australian AI receptionist that answers 24/7 and books clients straight into your calendar.\n\nWould you be open to a quick 10-min chat this week?\n\nBest,\n[Your Name]\nMarvelus",Email found (+15) | Phone found (+10) | Complete contact info (+5),marvelus_lead_scraper
35,Shannon,.,,+61390419783,Shannon Clinic Melbourne Chiropractic and Sports Care,https://shannonclinic.com.au/,chiropractic,Melbourne,55,60,AI Voice,medium,chiropractic;AI_Voice;priority_medium;marvelus_lead;has_phone,"Hi Shannon, I help chiropractic in Melbourne, VIC, Australia stop missing calls with a natural AI receptionist that books 24/7. Quick 10-min look? [Your Name...","AI receptionist for chiropractic in Melbourne, VIC, Australia (24/7 booking)","Hi Shannon Clinic Melbourne Chiropractic and Sports Care,\n\nI help chiropractic businesses in Melbourne, VIC, Australia get more bookings with a natural Australian AI receptionist that answers 24/7 and books clients straight into your calendar.\n\nWould you be open to a quick 10-min chat this week?\n\nBest,\n[Your Name]\nMarvelus",No chatbot | Email found (+15) | Phone found (+10) | Complete contact info (+5),marvelus_lead_scraper
36,Port,.,info@lifechiropracticportmelbourne.com.au,+61396461414,Port Melbourne Chiropractic (previously Life Chiropractic Port Melbourne),https://portmelbournechiropractic.com.au/,chiropractic,Melbourne,25,75,AI Voice,high,chiropractic;AI_Voice;priority_high;marvelus_lead;has_phone;has_email,"Hi Port, I help chiropractic in Melbourne, VIC, Australia stop missing calls with a natural AI receptionist that books 24/7. Quick 10-min look? [Your Name] M...","AI receptionist for chiropractic in Melbourne, VIC, Australia (24/7 booking)","Hi Port Melbourne Chiropractic (previously Life Chiropractic Port Melbourne),\n\nI help chiropractic businesses in Melbourne, VIC, Australia get more bookings with a natural Australian AI receptionist that answers 24/7 and books clients straight into your calendar.\n\nWould you be open to a quick 10-min chat this week?\n\nBest,\n[Your Name]\nMarvelus",No chatbot | Low-tech website | Email found (+15) | Phone found (+10) | Complete contact info (+5),marvelus_lead_scraper
37,Melbourne,.,,+61393021023,The Melbourne Chiropractor,http://www.themelbournechiropractor.com.au/,chiropractic,Melbourne,25,55,AI Voice,medium,chiropractic;AI_Voice;priority_medium;marvelus_lead;has_phone,"Hi The, I help chiropractic in Melbourne, VIC, Australia stop missing calls with a natural AI receptionist that books 24/7. Quick 10-min look? [Your Name] Ma...","AI receptionist for chiropractic in Melbourne, VIC, Australia (24/7 booking)","Hi The Melbourne Chiropractor,\n\nI help chiropractic businesses in Melbourne, VIC, Australia get more bookings with a natural Australian AI receptionist that answers 24/7 and books clients straight into your calendar.\n\nWould you be open to a quick 10-min chat this week?\n\nBest,\n[Your Name]\nMarvelus",No chatbot | Low-tech website | Phone found (+10),marvelus_lead_scraper
38,Back,.,,+61396968822,Back In Line Chiropractic,https://www.backinline.com.au/,chiropractic,Melbourne,70,40,AI Voice,low,chiropractic;AI_Voice;priority_low;marvelus_lead;has_phone,"Hi Back, I help chiropractic in Melbourne, VIC, Australia stop missing calls with a natural AI receptionist that books 24/7. Quick 10-min look? [Your Name] M...","AI receptionist for chiropractic in Melbourne, VIC, Australia (24/7 booking)","Hi Back In Line Chiropractic,\n\nI help chiropractic businesses in Melbourne, VIC, Australia get more bookings with a natural Australian AI receptionist that answers 24/7 and books clients straight into your calendar.\n\nWould you be open to a quick 10-min chat this week?\n\nBest,\n[Your Name]\nMarvelus",No chatbot | Phone found (+10),marvelus_lead_scraper
39,Adaptive,.,care@adaptchiro.com.au,+61394458975,Adaptive Chiropractic Melbourne CBD,https://www.melbournecbdchiro.com.au/,chiropractic,Melbourne,50,100,AI Voice,high,chiropractic;AI_Voice;priority_high;marvelus_lead;has_phone;has_email,"Hi Adaptive, I help chiropractic in Melbourne, VIC, Australia stop missing calls with a natural AI receptionist that books 24/7. Quick 10-min look? [Your Nam...","AI receptionist for chiropractic in Melbourne, VIC, Australia (24/7 booking)","Hi Adaptive Chiropractic Melbourne CBD,\n\nI help chiropractic businesses in Melbourne, VIC, Australia get more bookings with a natural Australian AI receptionist that answers 24/7 and books clients straight into your calendar.\n\nWould you be open to a quick 10-min chat this week?\n\nBest,\n[Your Name]\nMarvelus",No chatbot | No click-to-call | No booking flow | Low-tech website | Phone found (+10),marvelus_lead_scraper
40,Complete,.,info@completecityhealth.com.au,+611300894846,Complete City Health Chiropractor Melbourne City,https://cchmelbourne.com.au/,chiropractic,Melbourne,25,100,AI Voice,high,chiropractic;AI_Voice;priority_high;marvelus_lead;has_phone;has_email,"Hi Complete, I help chiropractic in Melbourne, VIC, Australia stop missing calls with a natural AI receptionist that books 24/7. Quick 10-min look? [Your Nam...","AI receptionist for chiropractic in Melbourne, VIC, Australia (24/7 booking)","Hi Complete City Health Chiropractor Melbourne City,\n\nI help chiropractic businesses in Melbourne, VIC, Australia get more bookings with a natural Australian AI receptionist that answers 24/7 and books clients straight into your calendar.\n\nWould you be open to a quick 10-min chat this week?\n\nBest,\n[Your Name]\nMarvelus",No chatbot | No click-to-call | Low-tech website | Email found (+15) | Phone found (+10) | Complete contact info (+5),marvelus_lead_scraper
41,Gordon,.,admin@sonargroup.com.au,+611300584626,Gordon Legal Melbourne,https://www.gordonlegal.com.au/,law firm,Melbourne,60,60,AI Voice,medium,law_firm;AI_Voice;priority_medium;marvelus_lead;has_phone;has_email,"Hi Gordon, I help law firm in Melbourne, VIC, Australia stop missing calls with a natural AI receptionist that books 24/7. Quick 10-min look? [Your Name] Mar...","AI receptionist for law firm in Melbourne, VIC, Australia (24/7 booking)","Hi Gordon Legal Melbourne,\n\nI help law firm businesses in Melbourne, VIC, Australia get more bookings with a natural Australian AI receptionist that answers 24/7 and books clients straight into your calendar.\n\nWould you be open to a quick 10-min chat this week?\n\nBest,\n[Your Name]\nMarvelus",No chatbot | No booking flow | Phone found (+10),marvelus_lead_scraper
42,Maurice,.,donotreply@mauriceblackburn.com.au,+61396052700,Maurice Blackburn Personal Injury Lawyers Melbourne,https://www.mauriceblackburn.com.au/our-offices/vic/melbourne/?utm_source=google&utm_medium=organic&utm_campaign=gmb-website&utm_content=website_button&utm_term=plcid_4752754200758419732,law firm,Melbourne,35,75,AI Voice,high,law_firm;AI_Voice;priority_high;marvelus_lead;has_phone;has_email,"Hi Maurice, I help law firm in Melbourne, VIC, Australia stop missing calls with a natural AI receptionist that books 24/7. Quick 10-min look? [Your Name] Ma...","AI receptionist for law firm in Melbourne, VIC, Australia (24/7 booking)","Hi Maurice Blackburn Personal Injury Lawyers Melbourne,\n\nI help law firm businesses in Melbourne, VIC, Australia get more bookings with a natural Australian AI receptionist that answers 24/7 and books clients straight into your calendar.\n\nWould you be open to a quick 10-min chat this week?\n\nBest,\n[Your Name]\nMarvelus",No chatbot | No booking flow | Low-tech website | Phone found (+10),marvelus_lead_scraper
43,Doogue,.,,+61396705111,Doogue + George Defence Lawyers,https://www.criminal-lawyers.com.au/locations/melbourne-criminal-lawyers,law firm,Melbourne,50,100,AI Voice,high,law_firm;AI_Voice;priority_high;marvelus_lead;has_phone,"Hi Doogue, I help law firm in Melbourne, VIC, Australia stop missing calls with a natural AI receptionist that books 24/7. Quick 10-min look? [Your Name] Mar...","AI receptionist for law firm in Melbourne, VIC, Australia (24/7 booking)","Hi Doogue + George Defence Lawyers,\n\nI help law firm businesses in Melbourne, VIC, Australia get more bookings with a natural Australian AI receptionist that answers 24/7 and books clients straight into your calendar.\n\nWould you be open to a quick 10-min chat this week?\n\nBest,\n[Your Name]\nMarvelus",No chatbot | No click-to-call | No booking flow | Low-tech website | Phone found (+10),marvelus_lead_scraper
44,Lord,.,info@lordlaw.com.au,+61396000162,Lord Commercial Lawyers,https://www.lordlaw.com.au/?utm_source=Google&utm_medium=GMB&utm_campaign=GMB,law firm,Melbourne,55,80,AI Voice,high,law_firm;AI_Voice;priority_high;marvelus_lead;has_phone;has_email,"Hi Lord, I help law firm in Melbourne, VIC, Australia stop missing calls with a natural AI receptionist that books 24/7. Quick 10-min look? [Your Name] Marvelus","AI receptionist for law firm in Melbourne, VIC, Australia (24/7 booking)","Hi Lord Commercial Lawyers,\n\nI help law firm businesses in Melbourne, VIC, Australia get more bookings with a natural Australian AI receptionist that answers 24/7 and books clients straight into your calendar.\n\nWould you be open to a quick 10-min chat this week?\n\nBest,\n[Your Name]\nMarvelus",No chatbot | No booking flow | Email found (+15) | Phone found (+10) | Complete contact info (+5),marvelus_lead_scraper
45,EAS,.,britt@easlegal.com.au,+611800117533,EAS Legal Melbourne,https://easlegal.com.au/,law firm,Melbourne,55,60,AI Voice,medium,law_firm;AI_Voice;priority_medium;marvelus_lead;has_phone;has_email,"Hi EAS, I help law firm in Melbourne, VIC, Australia stop missing calls with a natural AI receptionist that books 24/7. Quick 10-min look? [Your Name] Marvelus","AI receptionist for law firm in Melbourne, VIC, Australia (24/7 booking)","Hi EAS Legal Melbourne,\n\nI help law firm businesses in Melbourne, VIC, Australia get more bookings with a natural Australian AI receptionist that answers 24/7 and books clients straight into your calendar.\n\nWould you be open to a quick 10-min chat this week?\n\nBest,\n[Your Name]\nMarvelus",No chatbot | Email found (+15) | Phone found (+10) | Complete contact info (+5),marvelus_lead_scraper
46,Aston,.,,+61383918411,Aston Legal Group,https://astonlegalgroup.com.au/,law firm,Melbourne,80,60,AI Voice,medium,law_firm;AI_Voice;priority_medium;marvelus_lead;has_phone,"Hi Aston, I help law firm in Melbourne, VIC, Australia stop missing calls with a natural AI receptionist that books 24/7. Quick 10-min look? [Your Name] Marv...","AI receptionist for law firm in Melbourne, VIC, Australia (24/7 booking)","Hi Aston Legal Group,\n\nI help law firm businesses in Melbourne, VIC, Australia get more bookings with a natural Australian AI receptionist that answers 24/7 and books clients straight into your calendar.\n\nWould you be open to a quick 10-min chat this week?\n\nBest,\n[Your Name]\nMarvelus",No chatbot | No booking flow | Phone found (+10),marvelus_lead_scraper
47,DCM,.,info@dcmlawyers.com,+61396700001,DCM Lawyers,https://www.dcmlawyers.com/,law firm,Melbourne,35,75,AI Voice,high,law_firm;AI_Voice;priority_high;marvelus_lead;has_phone;has_email,"Hi DCM, I help law firm in Melbourne, VIC, Australia stop missing calls with a natural AI receptionist that books 24/7. Quick 10-min look? [Your Name] Marvelus","AI receptionist for law firm in Melbourne, VIC, Australia (24/7 booking)","Hi DCM Lawyers,\n\nI help law firm businesses in Melbourne, VIC, Australia get more bookings with a natural Australian AI receptionist that answers 24/7 and books clients straight into your calendar.\n\nWould you be open to a quick 10-min chat this week?\n\nBest,\n[Your Name]\nMarvelus",No chatbot | Low-tech website | Email found (+15) | Phone found (+10) | Complete contact info (+5),marvelus_lead_scraper
48,Dribbin,.,,+61386447320,Dribbin & Brown Criminal Lawyers,https://www.criminalsolicitorsmelbourne.com.au/,law firm,Melbourne,50,100,AI Voice,high,law_firm;AI_Voice;priority_high;marvelus_lead;has_phone,"Hi Dribbin, I help law firm in Melbourne, VIC, Australia stop missing calls with a natural AI receptionist that books 24/7. Quick 10-min look? [Your Name] Ma...","AI receptionist for law firm in Melbourne, VIC, Australia (24/7 booking)","Hi Dribbin & Brown Criminal Lawyers,\n\nI help law firm businesses in Melbourne, VIC, Australia get more bookings with a natural Australian AI receptionist that answers 24/7 and books clients straight into your calendar.\n\nWould you be open to a quick 10-min chat this week?\n\nBest,\n[Your Name]\nMarvelus",No chatbot | No click-to-call | No booking flow | Low-tech website | Phone found (+10),marvelus_lead_scraper
49,TNS,.,info@tnslawyers.com.au,+61390523214,TNS Lawyers,https://www.tnslawyers.com.au/,law firm,Melbourne,50,100,AI Voice,high,law_firm;AI_Voice;priority_high;marvelus_lead;has_phone;has_email,"Hi TNS, I help law firm in Melbourne, VIC, Australia stop missing calls with a natural AI receptionist that books 24/7. Quick 10-min look? [Your Name] Marvelus","AI receptionist for law firm in Melbourne, VIC, Australia (24/7 booking)","Hi TNS Lawyers,\n\nI help law firm businesses in Melbourne, VIC, Australia get more bookings with a natural Australian AI receptionist that answers 24/7 and books clients straight into your calendar.\n\nWould you be open to a quick 10-min chat this week?\n\nBest,\n[Your Name]\nMarvelus",No chatbot | No click-to-call | No booking flow | Low-tech website | Phone found (+10),marvelus_lead_scraper
50,Hicks,.,,+61396297411,Hicks Oakley Chessell Williams Lawyers - Melbourne CBD,https://www.hocw.com.au/,law firm,Melbourne,55,40,AI Voice,low,law_firm;AI_Voice;priority_low;marvelus_lead;has_phone,"Hi Hicks, I help law firm in Melbourne, VIC, Australia stop missing calls with a natural AI receptionist that books 24/7. Quick 10-min look? [Your Name] Marv...","AI receptionist for law firm in Melbourne, VIC, Australia (24/7 booking)","Hi Hicks Oakley Chessell Williams Lawyers - Melbourne CBD,\n\nI help law firm businesses in Melbourne, VIC, Australia get more bookings with a natural Australian AI receptionist that answers 24/7 and books clients straight into your calendar.\n\nWould you be open to a quick 10-min chat this week?\n\nBest,\n[Your Name]\nMarvelus",No chatbot | Phone found (+10),marvelus_lead_scraper
51,Sense,.,bookings@sos-senseofself.com,+61399175412,Sense Of Self (SOS),http://www.sos-senseofself.com/,med spa,Melbourne,75,40,AI Voice,low,med_spa;AI_Voice;priority_low;marvelus_lead;has_phone;has_email,"Hi Sense, I help med spa in Melbourne, VIC, Australia stop missing calls with a natural AI receptionist that books 24/7. Quick 10-min look? [Your Name] Marvelus","AI receptionist for med spa in Melbourne, VIC, Australia (24/7 booking)","Hi Sense Of Self (SOS),\n\nI help med spa businesses in Melbourne, VIC, Australia get more bookings with a natural Australian AI receptionist that answers 24/7 and books clients straight into your calendar.\n\nWould you be open to a quick 10-min chat this week?\n\nBest,\n[Your Name]\nMarvelus",No chatbot | Phone found (+10),marvelus_lead_scraper
52,Saltair,.,info@saltairspa.com,+61393317774,Saltair Day Spa Port Melbourne,https://www.saltairspa.com.au/,med spa,Melbourne,50,100,AI Voice,high,med_spa;AI_Voice;priority_high;marvelus_lead;has_phone;has_email,"Hi Saltair, I help med spa in Melbourne, VIC, Australia stop missing calls with a natural AI receptionist that books 24/7. Quick 10-min look? [Your Name] Mar...","AI receptionist for med spa in Melbourne, VIC, Australia (24/7 booking)","Hi Saltair Day Spa Port Melbourne,\n\nI help med spa businesses in Melbourne, VIC, Australia get more bookings with a natural Australian AI receptionist that answers 24/7 and books clients straight into your calendar.\n\nWould you be open to a quick 10-min chat this week?\n\nBest,\n[Your Name]\nMarvelus",No chatbot | No click-to-call | No booking flow | Low-tech website | Phone found (+10),marvelus_lead_scraper
53,Aurora,.,,+61359351222,Aurora Spa & Bathhouse,https://auroraspa.com.au/,med spa,Melbourne,60,40,AI Voice,low,med_spa;AI_Voice;priority_low;marvelus_lead;has_phone,"Hi Aurora, I help med spa in Melbourne, VIC, Australia stop missing calls with a natural AI receptionist that books 24/7. Quick 10-min look? [Your Name] Marv...","AI receptionist for med spa in Melbourne, VIC, Australia (24/7 booking)","Hi Aurora Spa & Bathhouse,\n\nI help med spa businesses in Melbourne, VIC, Australia get more bookings with a natural Australian AI receptionist that answers 24/7 and books clients straight into your calendar.\n\nWould you be open to a quick 10-min chat this week?\n\nBest,\n[Your Name]\nMarvelus",No chatbot | Phone found (+10),marvelus_lead_scraper
54,Blanc,.,,+61395109122,Blanc Spa,https://blancspa.com.au/,med spa,Melbourne,55,40,AI Voice,low,med_spa;AI_Voice;priority_low;marvelus_lead;has_phone,"Hi Blanc, I help med spa in Melbourne, VIC, Australia stop missing calls with a natural AI receptionist that books 24/7. Quick 10-min look? [Your Name] Marvelus","AI receptionist for med spa in Melbourne, VIC, Australia (24/7 booking)","Hi Blanc Spa,\n\nI help med spa businesses in Melbourne, VIC, Australia get more bookings with a natural Australian AI receptionist that answers 24/7 and books clients straight into your calendar.\n\nWould you be open to a quick 10-min chat this week?\n\nBest,\n[Your Name]\nMarvelus",No chatbot | Phone found (+10),marvelus_lead_scraper
55,Kami,.,mkamiheadspa@gmail.com,+61396000046,M Kami Japanese Head Spa,https://www.mkamijapaneseheadspa.com.au/,med spa,Melbourne,70,40,AI Voice,low,med_spa;AI_Voice;priority_low;marvelus_lead;has_phone;has_email,"Hi M, I help med spa in Melbourne, VIC, Australia stop missing calls with a natural AI receptionist that books 24/7. Quick 10-min look? [Your Name] Marvelus","AI receptionist for med spa in Melbourne, VIC, Australia (24/7 booking)","Hi M Kami Japanese Head Spa,\n\nI help med spa businesses in Melbourne, VIC, Australia get more bookings with a natural Australian AI receptionist that answers 24/7 and books clients straight into your calendar.\n\nWould you be open to a quick 10-min chat this week?\n\nBest,\n[Your Name]\nMarvelus",No chatbot | Phone found (+10),marvelus_lead_scraper
56,Orchid,.,orchiddayspa@bigpond.com,+61396704964,Orchid Day Spa,https://www.orchiddayspa.com.au/,med spa,Melbourne,55,70,AI Voice,high,med_spa;AI_Voice;priority_high;marvelus_lead;has_phone;has_email,"Hi Orchid, I help med spa in Melbourne, VIC, Australia stop missing calls with a natural AI receptionist that books 24/7. Quick 10-min look? [Your Name] Marv...","AI receptionist for med spa in Melbourne, VIC, Australia (24/7 booking)","Hi Orchid Day Spa,\n\nI help med spa businesses in Melbourne, VIC, Australia get more bookings with a natural Australian AI receptionist that answers 24/7 and books clients straight into your calendar.\n\nWould you be open to a quick 10-min chat this week?\n\nBest,\n[Your Name]\nMarvelus",No chatbot | Email found (+15) | Phone found (+10) | Direct owner-like email (+10) | Complete contact info (+5),marvelus_lead_scraper
57,Kami,.,mkamiheadspa@gmail.com,+61449717382,M Kami Japanese Head Spa ( CBD ),https://mkamijapaneseheadspa.com.au/,med spa,Melbourne,70,40,AI Voice,low,med_spa;AI_Voice;priority_low;marvelus_lead;has_phone;has_email,"Hi M, I help med spa in Melbourne, VIC, Australia stop missing calls with a natural AI receptionist that books 24/7. Quick 10-min look? [Your Name] Marvelus","AI receptionist for med spa in Melbourne, VIC, Australia (24/7 booking)","Hi M Kami Japanese Head Spa ( CBD ),\n\nI help med spa businesses in Melbourne, VIC, Australia get more bookings with a natural Australian AI receptionist that answers 24/7 and books clients straight into your calendar.\n\nWould you be open to a quick 10-min chat this week?\n\nBest,\n[Your Name]\nMarvelus",No chatbot | Phone found (+10),marvelus_lead_scraper
58,You,.,info@youdayspa.com.au,+61396547259,You Day Spa,http://www.youdayspa.com.au/,med spa,Melbourne,75,60,AI Voice,medium,med_spa;AI_Voice;priority_medium;marvelus_lead;has_phone;has_email,"Hi You, I help med spa in Melbourne, VIC, Australia stop missing calls with a natural AI receptionist that books 24/7. Quick 10-min look? [Your Name] Marvelus","AI receptionist for med spa in Melbourne, VIC, Australia (24/7 booking)","Hi You Day Spa,\n\nI help med spa businesses in Melbourne, VIC, Australia get more bookings with a natural Australian AI receptionist that answers 24/7 and books clients straight into your calendar.\n\nWould you be open to a quick 10-min chat this week?\n\nBest,\n[Your Name]\nMarvelus",No chatbot | Email found (+15) | Phone found (+10) | Complete contact info (+5),marvelus_lead_scraper
59,endota,.,southmelbourne@endota.com.au,+61390223331,endota spa South Melbourne,https://endotaspa.com.au/pages/spa/south-melbourne?utm_source=google&utm_medium=organic&utm_campaign=Google+My+Business&utm_content=endota+spa+South+Melbourne&utm_term=plcid_18050842361584499678,med spa,Melbourne,100,70,AI Voice,high,med_spa;AI_Voice;priority_high;marvelus_lead;has_phone;has_email,"Hi endota, I help med spa in Melbourne, VIC, Australia stop missing calls with a natural AI receptionist that books 24/7. Quick 10-min look? [Your Name] Marv...","AI receptionist for med spa in Melbourne, VIC, Australia (24/7 booking)","Hi endota spa South Melbourne,\n\nI help med spa businesses in Melbourne, VIC, Australia get more bookings with a natural Australian AI receptionist that answers 24/7 and books clients straight into your calendar.\n\nWould you be open to a quick 10-min chat this week?\n\nBest,\n[Your Name]\nMarvelus",No chatbot | Email found (+15) | Phone found (+10) | Direct owner-like email (+10) | Complete contact info (+5),marvelus_lead_scraper
60,IOMI,.,relax@iomispa.com.au,+61383837288,IOMI Spa at Sheraton Hotel,https://www.iomispa.com.au/,med spa,Melbourne,45,70,AI Voice,high,med_spa;AI_Voice;priority_high;marvelus_lead;has_phone;has_email,"Hi IOMI, I help med spa in Melbourne, VIC, Australia stop missing calls with a natural AI receptionist that books 24/7. Quick 10-min look? [Your Name] Marvelus","AI receptionist for med spa in Melbourne, VIC, Australia (24/7 booking)","Hi IOMI Spa at Sheraton Hotel,\n\nI help med spa businesses in Melbourne, VIC, Australia get more bookings with a natural Australian AI receptionist that answers 24/7 and books clients straight into your calendar.\n\nWould you be open to a quick 10-min chat this week?\n\nBest,\n[Your Name]\nMarvelus",No chatbot | Email found (+15) | Phone found (+10) | Direct owner-like email (+10) | Complete contact info (+5),marvelus_lead_scraper
61,Balaclava,.,info@balaclavadentalcare.com.au,+61395277278,Balaclava Dental Care,https://www.balaclavadentalcare.com.au/,dental clinic,Melbourne,45,40,AI Voice,low,dental_clinic;AI_Voice;priority_low;marvelus_lead;has_phone;has_email,"Hi Balaclava, I help dental clinic in Melbourne, VIC, Australia stop missing calls with a natural AI receptionist that books 24/7. Quick 10-min look? [Your N...","AI receptionist for dental clinic in Melbourne, VIC, Australia (24/7 booking)","Hi Balaclava Dental Care,\n\nI help dental clinic businesses in Melbourne, VIC, Australia get more bookings with a natural Australian AI receptionist that answers 24/7 and books clients straight into your calendar.\n\nWould you be open to a quick 10-min chat this week?\n\nBest,\n[Your Name]\nMarvelus",No chatbot | Phone found (+10),marvelus_lead_scraper
62,Melbourne,.,mdc-referrals@unimelb.edu.au,+61390358402,Melbourne Dental Clinic,https://dental.mthc.com.au/,dental clinic,Melbourne,25,85,AI Voice,high,dental_clinic;AI_Voice;priority_high;marvelus_lead;has_phone;has_email,"Hi Melbourne, I help dental clinic in Melbourne, VIC, Australia stop missing calls with a natural AI receptionist that books 24/7. Quick 10-min look? [Your N...","AI receptionist for dental clinic in Melbourne, VIC, Australia (24/7 booking)","Hi Melbourne Dental Clinic,\n\nI help dental clinic businesses in Melbourne, VIC, Australia get more bookings with a natural Australian AI receptionist that answers 24/7 and books clients straight into your calendar.\n\nWould you be open to a quick 10-min chat this week?\n\nBest,\n[Your Name]\nMarvelus",No chatbot | Low-tech website | Email found (+15) | Phone found (+10) | Direct owner-like email (+10) | Complete contact info (+5),marvelus_lead_scraper
63,Collins,.,,+61396545144,Collins Street Dental,https://www.collinsstreetdental.net.au/?utm_source=gmb&utm_medium=organic,dental clinic,Melbourne,55,10,AI Voice,low,dental_clinic;AI_Voice;priority_low;marvelus_lead;has_phone,"Hi Collins, I help dental clinic in Melbourne, VIC, Australia stop missing calls with a natural AI receptionist that books 24/7. Quick 10-min look? [Your Nam...","AI receptionist for dental clinic in Melbourne, VIC, Australia (24/7 booking)","Hi Collins Street Dental,\n\nI help dental clinic businesses in Melbourne, VIC, Australia get more bookings with a natural Australian AI receptionist that answers 24/7 and books clients straight into your calendar.\n\nWould you be open to a quick 10-min chat this week?\n\nBest,\n[Your Name]\nMarvelus",Phone found (+10),marvelus_lead_scraper
64,Genesis,.,admin@genesisdentists.au,+1234567890123,Genesis Dentists Melbourne,https://genesisdentists.com.au/,dental clinic,Melbourne,80,60,AI Voice,medium,dental_clinic;AI_Voice;priority_medium;marvelus_lead;has_phone;has_email,"Hi Genesis, I help dental clinic in Melbourne, VIC, Australia stop missing calls with a natural AI receptionist that books 24/7. Quick 10-min look? [Your Nam...","AI receptionist for dental clinic in Melbourne, VIC, Australia (24/7 booking)","Hi Genesis Dentists Melbourne,\n\nI help dental clinic businesses in Melbourne, VIC, Australia get more bookings with a natural Australian AI receptionist that answers 24/7 and books clients straight into your calendar.\n\nWould you be open to a quick 10-min chat this week?\n\nBest,\n[Your Name]\nMarvelus",No chatbot | Email found (+15) | Phone found (+10) | Complete contact info (+5),marvelus_lead_scraper
65,South,.,,+61396906388,South Melbourne Dental Group,http://www.southmelbournedental.com.au/,dental clinic,Melbourne,50,100,AI Voice,high,dental_clinic;AI_Voice;priority_high;marvelus_lead;has_phone,"Hi South, I help dental clinic in Melbourne, VIC, Australia stop missing calls with a natural AI receptionist that books 24/7. Quick 10-min look? [Your Name]...","AI receptionist for dental clinic in Melbourne, VIC, Australia (24/7 booking)","Hi South Melbourne Dental Group,\n\nI help dental clinic businesses in Melbourne, VIC, Australia get more bookings with a natural Australian AI receptionist that answers 24/7 and books clients straight into your calendar.\n\nWould you be open to a quick 10-min chat this week?\n\nBest,\n[Your Name]\nMarvelus",No chatbot | No click-to-call | No booking flow | Low-tech website | Phone found (+10),marvelus_lead_scraper
66,Dental,.,info@dentalonflinders.com.au,+61390410049,Dental On Flinders,https://www.dentalonflinders.com.au/,dental clinic,Melbourne,55,10,AI Voice,low,dental_clinic;AI_Voice;priority_low;marvelus_lead;has_phone;has_email,"Hi Dental, I help dental clinic in Melbourne, VIC, Australia stop missing calls with a natural AI receptionist that books 24/7. Quick 10-min look? [Your Name...","AI receptionist for dental clinic in Melbourne, VIC, Australia (24/7 booking)","Hi Dental On Flinders,\n\nI help dental clinic businesses in Melbourne, VIC, Australia get more bookings with a natural Australian AI receptionist that answers 24/7 and books clients straight into your calendar.\n\nWould you be open to a quick 10-min chat this week?\n\nBest,\n[Your Name]\nMarvelus",Phone found (+10),marvelus_lead_scraper
67,City,.,,+61396546979,City Smiles Dental Clinic,https://citysmiles.com.au/,dental clinic,Melbourne,80,70,AI Voice,high,dental_clinic;AI_Voice;priority_high;marvelus_lead;has_phone,"Hi City, I help dental clinic in Melbourne, VIC, Australia stop missing calls with a natural AI receptionist that books 24/7. Quick 10-min look? [Your Name] ...","AI receptionist for dental clinic in Melbourne, VIC, Australia (24/7 booking)","Hi City Smiles Dental Clinic,\n\nI help dental clinic businesses in Melbourne, VIC, Australia get more bookings with a natural Australian AI receptionist that answers 24/7 and books clients straight into your calendar.\n\nWould you be open to a quick 10-min chat this week?\n\nBest,\n[Your Name]\nMarvelus",No chatbot | Email found (+15) | Phone found (+10) | Direct owner-like email (+10) | Complete contact info (+5),marvelus_lead_scraper
68,Melbourne,.,,+61398671252,Melbourne Dentist,https://www.melbournedentist.com/,dental clinic,Melbourne,55,10,AI Voice,low,dental_clinic;AI_Voice;priority_low;marvelus_lead;has_phone,"Hi Melbourne, I help dental clinic in Melbourne, VIC, Australia stop missing calls with a natural AI receptionist that books 24/7. Quick 10-min look? [Your N...","AI receptionist for dental clinic in Melbourne, VIC, Australia (24/7 booking)","Hi Melbourne Dentist,\n\nI help dental clinic businesses in Melbourne, VIC, Australia get more bookings with a natural Australian AI receptionist that answers 24/7 and books clients straight into your calendar.\n\nWould you be open to a quick 10-min chat this week?\n\nBest,\n[Your Name]\nMarvelus",Phone found (+10),marvelus_lead_scraper
69,Verve,.,info.city@vervedental.com.au,+61396545881,Verve Dental Melbourne,https://vervedental.com.au/collins-street/,dental clinic,Melbourne,45,70,AI Voice,high,dental_clinic;AI_Voice;priority_high;marvelus_lead;has_phone;has_email,"Hi Verve, I help dental clinic in Melbourne, VIC, Australia stop missing calls with a natural AI receptionist that books 24/7. Quick 10-min look? [Your Name]...","AI receptionist for dental clinic in Melbourne, VIC, Australia (24/7 booking)","Hi Verve Dental Melbourne,\n\nI help dental clinic businesses in Melbourne, VIC, Australia get more bookings with a natural Australian AI receptionist that answers 24/7 and books clients straight into your calendar.\n\nWould you be open to a quick 10-min chat this week?\n\nBest,\n[Your Name]\nMarvelus",No chatbot | Email found (+15) | Phone found (+10) | Direct owner-like email (+10) | Complete contact info (+5),marvelus_lead_scraper
70,East,.,info@eastmelbdental.com.au,+61394175874,East Melbourne Dental Group,https://eastmelbournedentist.com.au/,dental clinic,Melbourne,45,60,AI Voice,medium,dental_clinic;AI_Voice;priority_medium;marvelus_lead;has_phone;has_email,"Hi East, I help dental clinic in Melbourne, VIC, Australia stop missing calls with a natural AI receptionist that books 24/7. Quick 10-min look? [Your Name] ...","AI receptionist for dental clinic in Melbourne, VIC, Australia (24/7 booking)","Hi East Melbourne Dental Group,\n\nI help dental clinic businesses in Melbourne, VIC, Australia get more bookings with a natural Australian AI receptionist that answers 24/7 and books clients straight into your calendar.\n\nWould you be open to a quick 10-min chat this week?\n\nBest,\n[Your Name]\nMarvelus",No chatbot | Email found (+15) | Phone found (+10) | Complete contact info (+5),marvelus_lead_scraper
71,Physio,.,reception@manningphysio.com.au,+611300731733,Physio Inq Victoria,https://www.physioinq.com.au/home/vic,chiropractic,Melbourne,45,40,AI Voice,low,chiropractic;AI_Voice;priority_low;marvelus_lead;has_phone;has_email,"Hi Physio, I help chiropractic in Melbourne, VIC, Australia stop missing calls with a natural AI receptionist that books 24/7. Quick 10-min look? [Your Name]...","AI receptionist for chiropractic in Melbourne, VIC, Australia (24/7 booking)","Hi Physio Inq Victoria,\n\nI help chiropractic businesses in Melbourne, VIC, Australia get more bookings with a natural Australian AI receptionist that answers 24/7 and books clients straight into your calendar.\n\nWould you be open to a quick 10-min chat this week?\n\nBest,\n[Your Name]\nMarvelus",No chatbot | Phone found (+10),marvelus_lead_scraper
72,Wellbeing,.,,+61396634099,Wellbeing Chiropractic Melbourne,https://www.wellbeing365.com.au/chiropractor-melbourne-cbd,chiropractic,Melbourne,100,30,AI Voice,low,chiropractic;AI_Voice;priority_low;marvelus_lead;has_phone,"Hi Wellbeing, I help chiropractic in Melbourne, VIC, Australia stop missing calls with a natural AI receptionist that books 24/7. Quick 10-min look? [Your Na...","AI receptionist for chiropractic in Melbourne, VIC, Australia (24/7 booking)","Hi Wellbeing Chiropractic Melbourne,\n\nI help chiropractic businesses in Melbourne, VIC, Australia get more bookings with a natural Australian AI receptionist that answers 24/7 and books clients straight into your calendar.\n\nWould you be open to a quick 10-min chat this week?\n\nBest,\n[Your Name]\nMarvelus",Email found (+15) | Phone found (+10) | Complete contact info (+5),marvelus_lead_scraper
73,OK,.,info.okchiro@gmail.com,+61492653492,OK Chiropractic Clinic,https://www.okchiro.com.au/,chiropractic,Melbourne,35,80,AI Voice,high,chiropractic;AI_Voice;priority_high;marvelus_lead;has_phone;has_email,"Hi OK, I help chiropractic in Melbourne, VIC, Australia stop missing calls with a natural AI receptionist that books 24/7. Quick 10-min look? [Your Name] Mar...","AI receptionist for chiropractic in Melbourne, VIC, Australia (24/7 booking)","Hi OK Chiropractic Clinic,\n\nI help chiropractic businesses in Melbourne, VIC, Australia get more bookings with a natural Australian AI receptionist that answers 24/7 and books clients straight into your calendar.\n\nWould you be open to a quick 10-min chat this week?\n\nBest,\n[Your Name]\nMarvelus",No chatbot | No click-to-call | Low-tech website | Phone found (+10),marvelus_lead_scraper
74,City,.,reception@cityhealthmelbourne.com.au,+61396622395,City Health,https://www.cityhealthmelbourne.com.au/,chiropractic,Melbourne,55,70,AI Voice,high,chiropractic;AI_Voice;priority_high;marvelus_lead;has_phone;has_email,"Hi City, I help chiropractic in Melbourne, VIC, Australia stop missing calls with a natural AI receptionist that books 24/7. Quick 10-min look? [Your Name] M...","AI receptionist for chiropractic in Melbourne, VIC, Australia (24/7 booking)","Hi City Health,\n\nI help chiropractic businesses in Melbourne, VIC, Australia get more bookings with a natural Australian AI receptionist that answers 24/7 and books clients straight into your calendar.\n\nWould you be open to a quick 10-min chat this week?\n\nBest,\n[Your Name]\nMarvelus",No chatbot | Email found (+15) | Phone found (+10) | Direct owner-like email (+10) | Complete contact info (+5),marvelus_lead_scraper
75,Flynn,.,flynn@flynnchiro.com.au,+61439843870,Flynn Chiro - Melbourne CBD Chiropractor,https://flynnchiro.com.au/?utm_source=GoogleMyBusiness&utm_medium=Web&utm_campaign=GMB-CBD,chiropractic,Melbourne,45,95,AI Voice,high,chiropractic;AI_Voice;priority_high;marvelus_lead;has_phone;has_email,"Hi Flynn, I help chiropractic in Melbourne, VIC, Australia stop missing calls with a natural AI receptionist that books 24/7. Quick 10-min look? [Your Name] ...","AI receptionist for chiropractic in Melbourne, VIC, Australia (24/7 booking)","Hi Flynn Chiro - Melbourne CBD Chiropractor,\n\nI help chiropractic businesses in Melbourne, VIC, Australia get more bookings with a natural Australian AI receptionist that answers 24/7 and books clients straight into your calendar.\n\nWould you be open to a quick 10-min chat this week?\n\nBest,\n[Your Name]\nMarvelus",No chatbot | No click-to-call | Email found (+15) | Phone found (+10) | Direct owner-like email (+10) | Complete contact info (+5),marvelus_lead_scraper
76,Melbourne,.,your@email.com,+61396468600,Melbourne Chiropractic,https://www.melbournechiropractic.com/,chiropractic,Melbourne,25,55,AI Voice,medium,chiropractic;AI_Voice;priority_medium;marvelus_lead;has_phone;has_email,"Hi Melbourne, I help chiropractic in Melbourne, VIC, Australia stop missing calls with a natural AI receptionist that books 24/7. Quick 10-min look? [Your Na...","AI receptionist for chiropractic in Melbourne, VIC, Australia (24/7 booking)","Hi Melbourne Chiropractic,\n\nI help chiropractic businesses in Melbourne, VIC, Australia get more bookings with a natural Australian AI receptionist that answers 24/7 and books clients straight into your calendar.\n\nWould you be open to a quick 10-min chat this week?\n\nBest,\n[Your Name]\nMarvelus",No chatbot | Low-tech website | Phone found (+10),marvelus_lead_scraper
77,ISAK,.,isakchiropractic@gmail.com,+61448397955,ISAK CHIROPRACTIC CLINIC,https://isakchiropractic.simplybook.me/,chiropractic,Melbourne,50,65,AI Voice,medium,chiropractic;AI_Voice;priority_medium;marvelus_lead;has_phone;has_email,"Hi ISAK, I help chiropractic in Melbourne, VIC, Australia stop missing calls with a natural AI receptionist that books 24/7. Quick 10-min look? [Your Name] M...","AI receptionist for chiropractic in Melbourne, VIC, Australia (24/7 booking)","Hi ISAK CHIROPRACTIC CLINIC,\n\nI help chiropractic businesses in Melbourne, VIC, Australia get more bookings with a natural Australian AI receptionist that answers 24/7 and books clients straight into your calendar.\n\nWould you be open to a quick 10-min chat this week?\n\nBest,\n[Your Name]\nMarvelus",No chatbot | No click-to-call | Phone found (+10),marvelus_lead_scraper
78,Melbourne,.,admin@chiropractormelbourne.com.au,+61480838448,Melbourne Chiropractor,https://www.chiropractormelbourne.com.au/,chiropractic,Melbourne,45,40,AI Voice,low,chiropractic;AI_Voice;priority_low;marvelus_lead;has_phone;has_email,"Hi Melbourne, I help chiropractic in Melbourne, VIC, Australia stop missing calls with a natural AI receptionist that books 24/7. Quick 10-min look? [Your Na...","AI receptionist for chiropractic in Melbourne, VIC, Australia (24/7 booking)","Hi Melbourne Chiropractor,\n\nI help chiropractic businesses in Melbourne, VIC, Australia get more bookings with a natural Australian AI receptionist that answers 24/7 and books clients straight into your calendar.\n\nWould you be open to a quick 10-min chat this week?\n\nBest,\n[Your Name]\nMarvelus",No chatbot | Phone found (+10),marvelus_lead_scraper
79,Melbourne,.,,+61393762002,The Melbourne Chiropractor Westmeadows,https://themelbournechiropractor.com.au/,chiropractic,Melbourne,25,55,AI Voice,medium,chiropractic;AI_Voice;priority_medium;marvelus_lead;has_phone,"Hi The, I help chiropractic in Melbourne, VIC, Australia stop missing calls with a natural AI receptionist that books 24/7. Quick 10-min look? [Your Name] Ma...","AI receptionist for chiropractic in Melbourne, VIC, Australia (24/7 booking)","Hi The Melbourne Chiropractor Westmeadows,\n\nI help chiropractic businesses in Melbourne, VIC, Australia get more bookings with a natural Australian AI receptionist that answers 24/7 and books clients straight into your calendar.\n\nWould you be open to a quick 10-min chat this week?\n\nBest,\n[Your Name]\nMarvelus",No chatbot | Low-tech website | Phone found (+10),marvelus_lead_scraper
80,Back,.,,+61396639313,Back In Care Chiropractic,http://www.backincare.com.au/?utm_source=gmb&utm_medium=organic,chiropractic,Melbourne,55,10,AI Voice,low,chiropractic;AI_Voice;priority_low;marvelus_lead;has_phone,"Hi Back, I help chiropractic in Melbourne, VIC, Australia stop missing calls with a natural AI receptionist that books 24/7. Quick 10-min look? [Your Name] M...","AI receptionist for chiropractic in Melbourne, VIC, Australia (24/7 booking)","Hi Back In Care Chiropractic,\n\nI help chiropractic businesses in Melbourne, VIC, Australia get more bookings with a natural Australian AI receptionist that answers 24/7 and books clients straight into your calendar.\n\nWould you be open to a quick 10-min chat this week?\n\nBest,\n[Your Name]\nMarvelus",Phone found (+10),marvelus_lead_scraper
81,JAX,.,,+61395147757,JAX Tyres & Auto Prahran,https://www.jaxtyres.com.au/tyre-stores/vic/prahran?utm_source=google&utm_medium=organic&utm_campaign=GMB&utm_content=PRA&utm_term=plcid_6673027113864107319,auto repair,Melbourne,25,55,AI Voice,medium,auto_repair;AI_Voice;priority_medium;marvelus_lead;has_phone,"Hi JAX, I help auto repair in Melbourne, VIC, Australia stop missing calls with a natural AI receptionist that books 24/7. Quick 10-min look? [Your Name] Mar...","AI receptionist for auto repair in Melbourne, VIC, Australia (24/7 booking)","Hi JAX Tyres & Auto Prahran,\n\nI help auto repair businesses in Melbourne, VIC, Australia get more bookings with a natural Australian AI receptionist that answers 24/7 and books clients straight into your calendar.\n\nWould you be open to a quick 10-min chat this week?\n\nBest,\n[Your Name]\nMarvelus",Low-tech website | Email found (+15) | Phone found (+10) | Direct owner-like email (+10) | Complete contact info (+5),marvelus_lead_scraper
82,Akira,.,,+61451400946,Akira Motorworks,https://www.facebook.com/share/1GSp1YvTHG/?mibextid=wwXIfr,auto repair,Melbourne,40,80,AI Voice,high,auto_repair;AI_Voice;priority_high;marvelus_lead;has_phone,"Hi Akira, I help auto repair in Melbourne, VIC, Australia stop missing calls with a natural AI receptionist that books 24/7. Quick 10-min look? [Your Name] M...","AI receptionist for auto repair in Melbourne, VIC, Australia (24/7 booking)","Hi Akira Motorworks,\n\nI help auto repair businesses in Melbourne, VIC, Australia get more bookings with a natural Australian AI receptionist that answers 24/7 and books clients straight into your calendar.\n\nWould you be open to a quick 10-min chat this week?\n\nBest,\n[Your Name]\nMarvelus",No chatbot | No click-to-call | Low-tech website | Phone found (+10),marvelus_lead_scraper
83,Cox,.,,+61390710560,Cox Auto Service Centre,https://coxauto.com.au/?utm_source=google&utm_medium=GMB&utm_campaign=website_button,auto repair,Melbourne,35,55,AI Voice,medium,auto_repair;AI_Voice;priority_medium;marvelus_lead;has_phone,"Hi Cox, I help auto repair in Melbourne, VIC, Australia stop missing calls with a natural AI receptionist that books 24/7. Quick 10-min look? [Your Name] Mar...","AI receptionist for auto repair in Melbourne, VIC, Australia (24/7 booking)","Hi Cox Auto Service Centre,\n\nI help auto repair businesses in Melbourne, VIC, Australia get more bookings with a natural Australian AI receptionist that answers 24/7 and books clients straight into your calendar.\n\nWould you be open to a quick 10-min chat this week?\n\nBest,\n[Your Name]\nMarvelus",No chatbot | Low-tech website | Phone found (+10),marvelus_lead_scraper
84,Richmond,.,,+61394290777,Richmond Auto Service,https://richmondauto.com.au/,auto repair,Melbourne,60,80,AI Voice,high,auto_repair;AI_Voice;priority_high;marvelus_lead;has_phone,"Hi Richmond, I help auto repair in Melbourne, VIC, Australia stop missing calls with a natural AI receptionist that books 24/7. Quick 10-min look? [Your Name...","AI receptionist for auto repair in Melbourne, VIC, Australia (24/7 booking)","Hi Richmond Auto Service,\n\nI help auto repair businesses in Melbourne, VIC, Australia get more bookings with a natural Australian AI receptionist that answers 24/7 and books clients straight into your calendar.\n\nWould you be open to a quick 10-min chat this week?\n\nBest,\n[Your Name]\nMarvelus",No chatbot | No booking flow | Email found (+15) | Phone found (+10) | Complete contact info (+5),marvelus_lead_scraper
85,Care,.,,+61393296000,Care Plus Auto Services,https://www.careplus.com.au/,auto repair,Melbourne,100,40,AI Voice,low,auto_repair;AI_Voice;priority_low;marvelus_lead;has_phone,"Hi Care, I help auto repair in Melbourne, VIC, Australia stop missing calls with a natural AI receptionist that books 24/7. Quick 10-min look? [Your Name] Ma...","AI receptionist for auto repair in Melbourne, VIC, Australia (24/7 booking)","Hi Care Plus Auto Services,\n\nI help auto repair businesses in Melbourne, VIC, Australia get more bookings with a natural Australian AI receptionist that answers 24/7 and books clients straight into your calendar.\n\nWould you be open to a quick 10-min chat this week?\n\nBest,\n[Your Name]\nMarvelus",No chatbot | Phone found (+10),marvelus_lead_scraper
86,City,.,,+61393288618,City Service Mechanics,http://cityservicemechanics.com.au/,auto repair,Melbourne,60,85,AI Voice,high,auto_repair;AI_Voice;priority_high;marvelus_lead;has_phone,"Hi City, I help auto repair in Melbourne, VIC, Australia stop missing calls with a natural AI receptionist that books 24/7. Quick 10-min look? [Your Name] Ma...","AI receptionist for auto repair in Melbourne, VIC, Australia (24/7 booking)","Hi City Service Mechanics,\n\nI help auto repair businesses in Melbourne, VIC, Australia get more bookings with a natural Australian AI receptionist that answers 24/7 and books clients straight into your calendar.\n\nWould you be open to a quick 10-min chat this week?\n\nBest,\n[Your Name]\nMarvelus",No chatbot | No click-to-call | Email found (+15) | Phone found (+10) | Complete contact info (+5),marvelus_lead_scraper
87,Ace,.,,+611800223263,Ace Mechanics,https://www.acemechanics.com.au/,auto repair,Melbourne,60,60,AI Voice,medium,auto_repair;AI_Voice;priority_medium;marvelus_lead;has_phone,"Hi Ace, I help auto repair in Melbourne, VIC, Australia stop missing calls with a natural AI receptionist that books 24/7. Quick 10-min look? [Your Name] Mar...","AI receptionist for auto repair in Melbourne, VIC, Australia (24/7 booking)","Hi Ace Mechanics,\n\nI help auto repair businesses in Melbourne, VIC, Australia get more bookings with a natural Australian AI receptionist that answers 24/7 and books clients straight into your calendar.\n\nWould you be open to a quick 10-min chat this week?\n\nBest,\n[Your Name]\nMarvelus",No chatbot | No booking flow | Phone found (+10),marvelus_lead_scraper
88,Valiance,.,,+61396961619,Valiance,https://www.valiance.com.au/,auto repair,Melbourne,55,40,AI Voice,low,auto_repair;AI_Voice;priority_low;marvelus_lead;has_phone,"Hi Valiance, I help auto repair in Melbourne, VIC, Australia stop missing calls with a natural AI receptionist that books 24/7. Quick 10-min look? [Your Name...","AI receptionist for auto repair in Melbourne, VIC, Australia (24/7 booking)","Hi Valiance,\n\nI help auto repair businesses in Melbourne, VIC, Australia get more bookings with a natural Australian AI receptionist that answers 24/7 and books clients straight into your calendar.\n\nWould you be open to a quick 10-min chat this week?\n\nBest,\n[Your Name]\nMarvelus",No chatbot | Phone found (+10),marvelus_lead_scraper
89,Midas,.,,+61396992540,Midas South Melbourne Tyre & Auto Service,https://www.midas.com.au/stores/midas-south-melbourne/?utm_source=google&utm_medium=organic&utm_campaign=Google%20My%20Business&utm_content=Midas%20South%20Melbourne&utm_term=plcid_7630767709994362655,auto repair,Melbourne,45,80,AI Voice,high,auto_repair;AI_Voice;priority_high;marvelus_lead;has_phone,"Hi Midas, I help auto repair in Melbourne, VIC, Australia stop missing calls with a natural AI receptionist that books 24/7. Quick 10-min look? [Your Name] M...","AI receptionist for auto repair in Melbourne, VIC, Australia (24/7 booking)","Hi Midas South Melbourne Tyre & Auto Service,\n\nI help auto repair businesses in Melbourne, VIC, Australia get more bookings with a natural Australian AI receptionist that answers 24/7 and books clients straight into your calendar.\n\nWould you be open to a quick 10-min chat this week?\n\nBest,\n[Your Name]\nMarvelus",No chatbot | No booking flow | Email found (+15) | Phone found (+10) | Complete contact info (+5),marvelus_lead_scraper
90,Advance,.,,+61393281454,Advance Automotive,https://www.advanceautomotive.com.au/,auto repair,Melbourne,70,60,AI Voice,medium,auto_repair;AI_Voice;priority_medium;marvelus_lead;has_phone,"Hi Advance, I help auto repair in Melbourne, VIC, Australia stop missing calls with a natural AI receptionist that books 24/7. Quick 10-min look? [Your Name]...","AI receptionist for auto repair in Melbourne, VIC, Australia (24/7 booking)","Hi Advance Automotive,\n\nI help auto repair businesses in Melbourne, VIC, Australia get more bookings with a natural Australian AI receptionist that answers 24/7 and books clients straight into your calendar.\n\nWould you be open to a quick 10-min chat this week?\n\nBest,\n[Your Name]\nMarvelus",No chatbot | No booking flow | Phone found (+10),marvelus_lead_scraper
91,Gallant,.,welcome@gallantlaw.com.au,+61390709885,Gallant Law Criminal Lawyers Melbourne,https://gallantlaw.com.au/,law firm,Melbourne,35,85,AI Voice,high,law_firm;AI_Voice;priority_high;marvelus_lead;has_phone;has_email,"Hi Gallant, I help law firm in Melbourne, VIC, Australia stop missing calls with a natural AI receptionist that books 24/7. Quick 10-min look? [Your Name] Ma...","AI receptionist for law firm in Melbourne, VIC, Australia (24/7 booking)","Hi Gallant Law Criminal Lawyers Melbourne,\n\nI help law firm businesses in Melbourne, VIC, Australia get more bookings with a natural Australian AI receptionist that answers 24/7 and books clients straight into your calendar.\n\nWould you be open to a quick 10-min chat this week?\n\nBest,\n[Your Name]\nMarvelus",No chatbot | Low-tech website | Email found (+15) | Phone found (+10) | Direct owner-like email (+10) | Complete contact info (+5),marvelus_lead_scraper
92,Boutique,.,mail@boutiquelawyers.com.au,+611300556140,"Boutique Lawyers, Building & Construction Lawyers",https://boutiquelawyers.com.au/,law firm,Melbourne,50,85,AI Voice,high,law_firm;AI_Voice;priority_high;marvelus_lead;has_phone;has_email,"Hi Boutique, I help law firm in Melbourne, VIC, Australia stop missing calls with a natural AI receptionist that books 24/7. Quick 10-min look? [Your Name] M...","AI receptionist for law firm in Melbourne, VIC, Australia (24/7 booking)","Hi Boutique Lawyers, Building & Construction Lawyers,\n\nI help law firm businesses in Melbourne, VIC, Australia get more bookings with a natural Australian AI receptionist that answers 24/7 and books clients straight into your calendar.\n\nWould you be open to a quick 10-min chat this week?\n\nBest,\n[Your Name]\nMarvelus",No click-to-call | No booking flow | Email found (+15) | Phone found (+10) | Direct owner-like email (+10) | Complete contact info (+5),marvelus_lead_scraper
93,Armstrong,.,enquiries@armstronglegal.com.au,+61396202777,Armstrong Legal,https://www.armstronglegal.com.au/vic/melbourne-lawyers/?utm_source=gmb&utm_medium=organic&utm_campaign=gmbtraffic&utm_content=armstronglegalmelbourne,law firm,Melbourne,50,100,AI Voice,high,law_firm;AI_Voice;priority_high;marvelus_lead;has_phone;has_email,"Hi Armstrong, I help law firm in Melbourne, VIC, Australia stop missing calls with a natural AI receptionist that books 24/7. Quick 10-min look? [Your Name] ...","AI receptionist for law firm in Melbourne, VIC, Australia (24/7 booking)","Hi Armstrong Legal,\n\nI help law firm businesses in Melbourne, VIC, Australia get more bookings with a natural Australian AI receptionist that answers 24/7 and books clients straight into your calendar.\n\nWould you be open to a quick 10-min chat this week?\n\nBest,\n[Your Name]\nMarvelus",No chatbot | No click-to-call | No booking flow | Low-tech website | Phone found (+10),marvelus_lead_scraper
94,Roberts,.,%20information@robertsgray.com.au,+61396422666,Roberts Gray Lawyers,https://www.robertsgray.com.au/,law firm,Melbourne,50,100,AI Voice,high,law_firm;AI_Voice;priority_high;marvelus_lead;has_phone;has_email,"Hi Roberts, I help law firm in Melbourne, VIC, Australia stop missing calls with a natural AI receptionist that books 24/7. Quick 10-min look? [Your Name] Ma...","AI receptionist for law firm in Melbourne, VIC, Australia (24/7 booking)","Hi Roberts Gray Lawyers,\n\nI help law firm businesses in Melbourne, VIC, Australia get more bookings with a natural Australian AI receptionist that answers 24/7 and books clients straight into your calendar.\n\nWould you be open to a quick 10-min chat this week?\n\nBest,\n[Your Name]\nMarvelus",No chatbot | No click-to-call | No booking flow | Low-tech website | Phone found (+10),marvelus_lead_scraper
95,Stary,.,user@domain.com,+61386228200,Stary Norton Halphen & Galbally Criminal Lawyers Melbourne,https://www.starylaw.com/,law firm,Melbourne,45,90,AI Voice,high,law_firm;AI_Voice;priority_high;marvelus_lead;has_phone;has_email,"Hi Stary, I help law firm in Melbourne, VIC, Australia stop missing calls with a natural AI receptionist that books 24/7. Quick 10-min look? [Your Name] Marv...","AI receptionist for law firm in Melbourne, VIC, Australia (24/7 booking)","Hi Stary Norton Halphen & Galbally Criminal Lawyers Melbourne,\n\nI help law firm businesses in Melbourne, VIC, Australia get more bookings with a natural Australian AI receptionist that answers 24/7 and books clients straight into your calendar.\n\nWould you be open to a quick 10-min chat this week?\n\nBest,\n[Your Name]\nMarvelus",No chatbot | No booking flow | Email found (+15) | Phone found (+10) | Direct owner-like email (+10) | Complete contact info (+5),marvelus_lead_scraper
96,OpenLegal,.,,+611300337997,OpenLegal - Commercial & Employment Lawyers Melbourne,https://openlegal.com.au/,law firm,Melbourne,50,100,AI Voice,high,law_firm;AI_Voice;priority_high;marvelus_lead;has_phone,"Hi OpenLegal, I help law firm in Melbourne, VIC, Australia stop missing calls with a natural AI receptionist that books 24/7. Quick 10-min look? [Your Name] ...","AI receptionist for law firm in Melbourne, VIC, Australia (24/7 booking)","Hi OpenLegal - Commercial & Employment Lawyers Melbourne,\n\nI help law firm businesses in Melbourne, VIC, Australia get more bookings with a natural Australian AI receptionist that answers 24/7 and books clients straight into your calendar.\n\nWould you be open to a quick 10-min chat this week?\n\nBest,\n[Your Name]\nMarvelus",No chatbot | No click-to-call | No booking flow | Low-tech website | Phone found (+10),marvelus_lead_scraper
97,Velos,.,,+61383791000,Velos & Velos Lawyers,https://www.veloslawyers.com.au/,law firm,Melbourne,35,100,AI Voice,high,law_firm;AI_Voice;priority_high;marvelus_lead;has_phone,"Hi Velos, I help law firm in Melbourne, VIC, Australia stop missing calls with a natural AI receptionist that books 24/7. Quick 10-min look? [Your Name] Marv...","AI receptionist for law firm in Melbourne, VIC, Australia (24/7 booking)","Hi Velos & Velos Lawyers,\n\nI help law firm businesses in Melbourne, VIC, Australia get more bookings with a natural Australian AI receptionist that answers 24/7 and books clients straight into your calendar.\n\nWould you be open to a quick 10-min chat this week?\n\nBest,\n[Your Name]\nMarvelus",No chatbot | No booking flow | Low-tech website | Email found (+15) | Phone found (+10) | Direct owner-like email (+10) | Complete contact info (+5),marvelus_lead_scraper
98,Ghothane,.,,+611800886886,Ghothane Lawyers,https://ghothane.com.au/,law firm,Melbourne,50,100,AI Voice,high,law_firm;AI_Voice;priority_high;marvelus_lead;has_phone,"Hi Ghothane, I help law firm in Melbourne, VIC, Australia stop missing calls with a natural AI receptionist that books 24/7. Quick 10-min look? [Your Name] M...","AI receptionist for law firm in Melbourne, VIC, Australia (24/7 booking)","Hi Ghothane Lawyers,\n\nI help law firm businesses in Melbourne, VIC, Australia get more bookings with a natural Australian AI receptionist that answers 24/7 and books clients straight into your calendar.\n\nWould you be open to a quick 10-min chat this week?\n\nBest,\n[Your Name]\nMarvelus",No chatbot | No click-to-call | No booking flow | Low-tech website | Phone found (+10),marvelus_lead_scraper
99,Slater,.,marketing@slatergordon.com.au,+611800444141,Slater and Gordon Lawyers,https://www.slatergordon.com.au/offices/melbourne?utm_campaign=local&utm_medium=organic&utm_source=googlemaps&utm_content=melbourne,law firm,Melbourne,50,100,AI Voice,high,law_firm;AI_Voice;priority_high;marvelus_lead;has_phone;has_email,"Hi Slater, I help law firm in Melbourne, VIC, Australia stop missing calls with a natural AI receptionist that books 24/7. Quick 10-min look? [Your Name] Mar...","AI receptionist for law firm in Melbourne, VIC, Australia (24/7 booking)","Hi Slater and Gordon Lawyers,\n\nI help law firm businesses in Melbourne, VIC, Australia get more bookings with a natural Australian AI receptionist that answers 24/7 and books clients straight into your calendar.\n\nWould you be open to a quick 10-min chat this week?\n\nBest,\n[Your Name]\nMarvelus",No chatbot | No click-to-call | No booking flow | Low-tech website | Phone found (+10),marvelus_lead_scraper
100,Madison,.,iec-logo@2x.webp,+61131529,Madison Marcus Victoria,http://www.madisonmarcus.co/,law firm,Melbourne,50,100,AI Voice,high,law_firm;AI_Voice;priority_high;marvelus_lead;has_phone;has_email,"Hi Madison, I help law firm in Melbourne, VIC, Australia stop missing calls with a natural AI receptionist that books 24/7. Quick 10-min look? [Your Name] Ma...","AI receptionist for law firm in Melbourne, VIC, Australia (24/7 booking)","Hi Madison Marcus Victoria,\n\nI help law firm businesses in Melbourne, VIC, Australia get more bookings with a natural Australian AI receptionist that answers 24/7 and books clients straight into your calendar.\n\nWould you be open to a quick 10-min chat this week?\n\nBest,\n[Your Name]\nMarvelus",No chatbot | No click-to-call | No booking flow | Low-tech website | Phone found (+10),marvelus_lead_scraper
101,Lapeau,.,reception@lapeaumedispa.com.au,+61405851919,Lapeau Medi Spa,https://www.lapeaumedispa.com.au/,med spa,Melbourne,35,85,AI Voice,high,med_spa;AI_Voice;priority_high;marvelus_lead;has_phone;has_email,"Hi Lapeau, I help med spa in Melbourne, VIC, Australia stop missing calls with a natural AI receptionist that books 24/7. Quick 10-min look? [Your Name] Marv...","AI receptionist for med spa in Melbourne, VIC, Australia (24/7 booking)","Hi Lapeau Medi Spa,\n\nI help med spa businesses in Melbourne, VIC, Australia get more bookings with a natural Australian AI receptionist that answers 24/7 and books clients straight into your calendar.\n\nWould you be open to a quick 10-min chat this week?\n\nBest,\n[Your Name]\nMarvelus",No chatbot | Low-tech website | Email found (+15) | Phone found (+10) | Direct owner-like email (+10) | Complete contact info (+5),marvelus_lead_scraper
102,Chuan,.,,+61386968111,Chuan Spa,https://www.langhamhotels.com/en/the-langham/melbourne/wellness/chuan-spa/,med spa,Melbourne,25,85,AI Voice,high,med_spa;AI_Voice;priority_high;marvelus_lead;has_phone,"Hi Chuan, I help med spa in Melbourne, VIC, Australia stop missing calls with a natural AI receptionist that books 24/7. Quick 10-min look? [Your Name] Marvelus","AI receptionist for med spa in Melbourne, VIC, Australia (24/7 booking)","Hi Chuan Spa,\n\nI help med spa businesses in Melbourne, VIC, Australia get more bookings with a natural Australian AI receptionist that answers 24/7 and books clients straight into your calendar.\n\nWould you be open to a quick 10-min chat this week?\n\nBest,\n[Your Name]\nMarvelus",No chatbot | Low-tech website | Email found (+15) | Phone found (+10) | Direct owner-like email (+10) | Complete contact info (+5),marvelus_lead_scraper
103,Body,.,,+61399881251,Body Catalyst,https://www.bodycatalyst.com.au/locations/melbourne-central/?utm_source=gmb&utm_medium=organic&utm_campaign=gmb-melb-central,med spa,Melbourne,100,40,AI Voice,low,med_spa;AI_Voice;priority_low;marvelus_lead;has_phone,"Hi Body, I help med spa in Melbourne, VIC, Australia stop missing calls with a natural AI receptionist that books 24/7. Quick 10-min look? [Your Name] Marvelus","AI receptionist for med spa in Melbourne, VIC, Australia (24/7 booking)","Hi Body Catalyst,\n\nI help med spa businesses in Melbourne, VIC, Australia get more bookings with a natural Australian AI receptionist that answers 24/7 and books clients straight into your calendar.\n\nWould you be open to a quick 10-min chat this week?\n\nBest,\n[Your Name]\nMarvelus",No chatbot | Phone found (+10),marvelus_lead_scraper
104,IZUMI,.,info@izumimassage.com.au,+61390449230,IZUMI Japanese Massage and Day Spa,https://www.izumimassage.com.au/,med spa,Melbourne,55,60,AI Voice,medium,med_spa;AI_Voice;priority_medium;marvelus_lead;has_phone;has_email,"Hi IZUMI, I help med spa in Melbourne, VIC, Australia stop missing calls with a natural AI receptionist that books 24/7. Quick 10-min look? [Your Name] Marvelus","AI receptionist for med spa in Melbourne, VIC, Australia (24/7 booking)","Hi IZUMI Japanese Massage and Day Spa,\n\nI help med spa businesses in Melbourne, VIC, Australia get more bookings with a natural Australian AI receptionist that answers 24/7 and books clients straight into your calendar.\n\nWould you be open to a quick 10-min chat this week?\n\nBest,\n[Your Name]\nMarvelus",No chatbot | Email found (+15) | Phone found (+10) | Complete contact info (+5),marvelus_lead_scraper
105,HealMe,.,,+61390419041,HealMe Beauty & Health Centre – Melbourne CBD Skin Clinic & Wellness,https://www.healme.au/home,med spa,Melbourne,50,100,AI Voice,high,med_spa;AI_Voice;priority_high;marvelus_lead;has_phone,"Hi HealMe, I help med spa in Melbourne, VIC, Australia stop missing calls with a natural AI receptionist that books 24/7. Quick 10-min look? [Your Name] Marv...","AI receptionist for med spa in Melbourne, VIC, Australia (24/7 booking)","Hi HealMe Beauty & Health Centre – Melbourne CBD Skin Clinic & Wellness,\n\nI help med spa businesses in Melbourne, VIC, Australia get more bookings with a natural Australian AI receptionist that answers 24/7 and books clients straight into your calendar.\n\nWould you be open to a quick 10-min chat this week?\n\nBest,\n[Your Name]\nMarvelus",No chatbot | No click-to-call | No booking flow | Low-tech website | Phone found (+10),marvelus_lead_scraper
106,M1,.,info@m1-beauty.com.au,+61391139130,M1 Med Beauty,https://m1-beauty.com.au/,med spa,Melbourne,50,60,AI Voice,medium,med_spa;AI_Voice;priority_medium;marvelus_lead;has_phone;has_email,"Hi M1, I help med spa in Melbourne, VIC, Australia stop missing calls with a natural AI receptionist that books 24/7. Quick 10-min look? [Your Name] Marvelus","AI receptionist for med spa in Melbourne, VIC, Australia (24/7 booking)","Hi M1 Med Beauty,\n\nI help med spa businesses in Melbourne, VIC, Australia get more bookings with a natural Australian AI receptionist that answers 24/7 and books clients straight into your calendar.\n\nWould you be open to a quick 10-min chat this week?\n\nBest,\n[Your Name]\nMarvelus",No chatbot | Email found (+15) | Phone found (+10) | Complete contact info (+5),marvelus_lead_scraper
107,Le,.,,+61421069365,Le Beau Monde spa & massage,http://www.lebeaumonde.com.au/,med spa,Melbourne,50,100,AI Voice,high,med_spa;AI_Voice;priority_high;marvelus_lead;has_phone,"Hi Le, I help med spa in Melbourne, VIC, Australia stop missing calls with a natural AI receptionist that books 24/7. Quick 10-min look? [Your Name] Marvelus","AI receptionist for med spa in Melbourne, VIC, Australia (24/7 booking)","Hi Le Beau Monde spa & massage,\n\nI help med spa businesses in Melbourne, VIC, Australia get more bookings with a natural Australian AI receptionist that answers 24/7 and books clients straight into your calendar.\n\nWould you be open to a quick 10-min chat this week?\n\nBest,\n[Your Name]\nMarvelus",No chatbot | No click-to-call | No booking flow | Low-tech website | Phone found (+10),marvelus_lead_scraper
108,Peninsula,.,info@peninsulahotsprings.com,+61359508777,Peninsula Hot Springs,https://www.peninsulahotsprings.com/?utm_source=gmb&utm_medium=organic&utm_campaign=gmb,med spa,Melbourne,75,60,AI Voice,medium,med_spa;AI_Voice;priority_medium;marvelus_lead;has_phone;has_email,"Hi Peninsula, I help med spa in Melbourne, VIC, Australia stop missing calls with a natural AI receptionist that books 24/7. Quick 10-min look? [Your Name] M...","AI receptionist for med spa in Melbourne, VIC, Australia (24/7 booking)","Hi Peninsula Hot Springs,\n\nI help med spa businesses in Melbourne, VIC, Australia get more bookings with a natural Australian AI receptionist that answers 24/7 and books clients straight into your calendar.\n\nWould you be open to a quick 10-min chat this week?\n\nBest,\n[Your Name]\nMarvelus",No chatbot | Email found (+15) | Phone found (+10) | Complete contact info (+5),marvelus_lead_scraper
109,Park,.,,+61392241222,Park Club Health & Day Spa,https://www.hyatt.com/en-US/spas/Park-Club-Health-And-Day-Spa/home.html,med spa,Melbourne,50,100,AI Voice,high,med_spa;AI_Voice;priority_high;marvelus_lead;has_phone,"Hi Park, I help med spa in Melbourne, VIC, Australia stop missing calls with a natural AI receptionist that books 24/7. Quick 10-min look? [Your Name] Marvelus","AI receptionist for med spa in Melbourne, VIC, Australia (24/7 booking)","Hi Park Club Health & Day Spa,\n\nI help med spa businesses in Melbourne, VIC, Australia get more bookings with a natural Australian AI receptionist that answers 24/7 and books clients straight into your calendar.\n\nWould you be open to a quick 10-min chat this week?\n\nBest,\n[Your Name]\nMarvelus",No chatbot | No click-to-call | No booking flow | Low-tech website | Phone found (+10),marvelus_lead_scraper
110,Comma,.,byron@commaspaces.com,+61394281097,Comma,http://www.commaspaces.com/,med spa,Melbourne,55,95,AI Voice,high,med_spa;AI_Voice;priority_high;marvelus_lead;has_phone;has_email,"Hi Comma, I help med spa in Melbourne, VIC, Australia stop missing calls with a natural AI receptionist that books 24/7. Quick 10-min look? [Your Name] Marvelus","AI receptionist for med spa in Melbourne, VIC, Australia (24/7 booking)","Hi Comma,\n\nI help med spa businesses in Melbourne, VIC, Australia get more bookings with a natural Australian AI receptionist that answers 24/7 and books clients straight into your calendar.\n\nWould you be open to a quick 10-min chat this week?\n\nBest,\n[Your Name]\nMarvelus",No chatbot | No click-to-call | Email found (+15) | Phone found (+10) | Direct owner-like email (+10) | Complete contact info (+5),marvelus_lead_scraper
